"","x"
"1","
                    한국경제신문이 '2020년 혁신성장 청년인재 집중양성사업' 빅데이터 분야 훈련생을 모집한다고 밝혔다. 본 사업은 과학기술정보통신부와 정보통신기획평가원이 주관한다. 혁신성장 청년인재 집중양성사업은 4차 산업 혁명에 필요한 핵심인재양성을 목표로 블록체인, 빅데이터, 인공지능(AI) 등 4차 산업혁명을 선도하는 8대 분야의 일자리 미스매치를 해소하기 위해 마련된 교육훈련사업이다. 지난해에 이어 올해에도 빅데이터 분야 주관사로 선정된 한국경제신문은 한경닷컴, 한남대학교와 함께 서울과 대전에서 '실무 프로젝트 기반 빅데이터 전략 마에스트로' 과정을 개설한다. 본 과정에 주요교육내용은 기술 전문 강의인 △데이터 구조 이해 △R △파이썬 △머신러닝 △딥러닝기반AI 등이며, 농협양곡, Ktmhows, 한국경제신문 등의 국내기업 빅데이터 분석 프로젝트를 수행하는 실무역량 강화 중심 프로그램으로 구성되어 있다. 이외에도 골든플래닛, 비투엔, 와이즈넛, 코난테크놀러지 등의 빅데이터 전문기업과 연계한 실무멘토링을 받을 수 있다. 또한 교육생들의 취업을 돕기 위해 108개의 빅데이터 관련 기업들과 협약을 맺어 훈련생의 취업을 지원할 방침이며, 교육과정은 정부지원으로 전액 무료이다. 본 과정을 통해 교육생들은 빅데이터 수집, 분석, 인사이트 도출 학습 역량을 강화할 수 있으며, 이공계 및 인문·사회 전공등 비전공자도 빅데이터 산업 맞춤형 인재로 거듭날 수 있다. 교육신청은 서울과 대전 중 원하는 지역을 선택할 수 있으며, 최종 심사는 1차 서류 전형, 2차 면접을 거쳐 선발할 예정이다. 서울지역은 지난 10일 1차 모집 기간 중 높은 경쟁률로 마감되었으며, 4월 24일까지 2차 모집 선발이 진행된다. 대전지역도 현재 높은 경쟁률 속에 접수 진행 중이다. 교육 기간은 5월 11일부터 10월 30일까지로, 월~금 오전 9시부터 오후 6시까지 매일 8시간씩 총 960시간의 교육이 진행된다. 이정호기자"
"2","
                    국내 1100여 개 쇼핑몰의 4억3000만 개 상품들이 모이는 '에누리 가격비교'가 점점 똑똑해지고 있다. '하기스 기저귀 남아용 3단계'를 검색했을 때 다른 대형 쇼핑몰에서 중복되는 650여 개의 상품들을 일일이 비교, 낮은 가격 순서로 보여 준다. 여기에 '스마트 쇼핑'이 시작되면 더욱 똑똑한 '에누리'가 만들어질 전망이다.지난 10일 서울시 중구 에누리 가격비교 본사에서 만난 김기범 써머스플랫폼 대표는 ""우리는 여타 사이트같이 클릭을 기반으로 한 추천 상품을 제시해 주는 것이 아니다. 에누리에는 실제 구매 이력이 있고, 이 구매 이력을 기반으로 소비자에게 상품을 추천해 줘 '스마트 쇼핑'을 하게끔 도와준다""고 강조했다.네이버가 A상품을 클릭한 소비자들이 클릭한 A와 비슷한 상품들을 추천해 주는 식으로 소비자의 구매를 유도한다면, 에누리는 A상품을 '구매한' 소비자들이 실제로 구매한 다른 B나 C·D 등 상품을 추천해 준다는 이야기다.실제 써머스플랫폼이 에누리를 통해 구매 연관도를 측정했더니, 분유를 많이 사는 30대 여성 고객들이 구매 확률 높은 상품은 기저귀나 유아용품이 아닌 스타벅스 상품권이었다. 이 세대의 고객들이 육아와 동시에 스타벅스에서 커피 마시는 것을 선호함을 알 수 있는 대목이다.김 대표는 ""이런 건 실제 구매 데이터를 분석하지 않으면 알 수 없다. 실질적인 데이터가 있어야만 정확한 추천이 되는 것""이라며 ""에누리는 쇼핑의 '왓챠'다. 실제 구매 이력을 기반으로 고객들의 연관성을 분석하고, 왓챠와 같이 A를 구매하면 B도 추천해 줄 수 있다""고 설명했다. 그러면서 그는 ""이를 '스마트 쇼핑'이라 부르고 있다""며 ""현재 에누리 가격비교 서비스에서 '스마트택배'로 택배 조회 서비스까지 하고 있는데, 다음 스텝이 '스마트 쇼핑'이 될 것이다""라고 말했다.- 가격 비교, 일반적으로 가전제품을 살 때 사용하지 않나.""가전제품이나 컴퓨터 등 디지털 제품 구매를 많이 떠올린다. 모바일 채널이 없을 때는 매출의 70%가 가전·디지털 제품이고, 나머지가 식품이나 유아용품 같은 것들이었다. 하지만 모바일 앱에서는 70%가 건강식품·유아동 제품이고, 30%가 가전·디지털 제품이 됐다. 지금도 가격 비교의 60%가 PC에서 이뤄진다. 목적성이 있는, 저희가 보통 얘기하는 비교가 꼭 필요한 제품들은 PC에서 많이 학습한다는 이야기다. 어떤 거 살지, 뭐가 좋은지 공부한다. 그런데 무슨 상품을 살지 딱 정해지면 모바일로 사더라. 또 충동적으로 소비할 때 모바일로 구매한다.""- 주 소비층은.""60% 이상이 패션 잡화나 유아동 상품 등에서 매출이 나온다. 일반적으로 이는 주부들 카테고리다. 이커머스 자체가 모바일로 성장하고 있는데, 원동력이 2030대 여성이라고 생각한다. 이러다 보니까 가격 비교 사이트임에도 100원에서 1000원 차이 나는 것도 에누리를 통해서 구매한다. 제가 전 직장에 있을 때만 해도 가격 비교 사이트 유저들은 '체리피커'나 소득이 높지 않은 분들이라고 생각했는데, 소득이 높아도 가격 비교 사이트는 이용하더라.100원을 비싸게 샀다고 아까워하는 것이 아니라, 자기가 합리적인 소비를 하지 못했다는 자책감을 갖기 싫고 최적의 쇼핑을 했다는 검증을 받고 싶어하는 소비자들이 이용한다.""- 이커머스가 모바일 중심이 되고 있는데.""에누리에 올 때 고민했던 부분이 네이버가 저렇게 성장하는데 에누리가 성장할 수 있을까였다. 그럼에도 에누리는 매년 두 자릿수 이상 성장하고 있다. 배경은 전문 가격 비교 사이트를 이용하는 고객층이 정해져 있기 때문이다. 모바일로 플랫폼이 이동하면서 위기이자 기회를 맞았다. PC에서 에누리를 이용하려면 반드시 네이버를 통해 시작해야 했다. 하지만 모바일은 '앱'이라는 접근성 높은 수단이 생겼다고 본다.""- 에누리의 강점은 무엇인가.""이용해 보시면 느끼겠지만 상품 정보가 객관적이고 전문적이다. 카테고리를 관리하는 직원인 카테고리매니저(CM)가 100여 명이 있다. 예를 들어, 노트북 CM이라면 노트북 산업에 대한 이해를 갖고 있어야 한다. 신제품이 출시되고 트렌드는 어떤지 등까지 알고 있어야 하고, 제품 정보를 제조사보다도 많이 알아야 한다. 고객들이 노트북을 검색했을 때 모니터 크기나 무게·CPU 종류·메모리 등 체계적인 카테고리를 갖고 있고, 이를 다른 쇼핑몰들이 벤치마킹하기도 한다. 써머스플랫폼의 빅데이터 사업 중에는 '표준 정보'라는 게 있다. 이 정보를 다른 쇼핑몰이 에누리에게서 산다. 상품 정보를 사서 자사 사이트에 적용시키는 것이다. 조달청의 경우에도 나라장터 제품들을 적절한 제품인지, 제품 정보가 맞는지 에누리의 정보로 검증하는 데 쓰고 있다.""- 에누리의 매출 구조는. ""기본적으로 쇼핑몰과 수수료 및 광고다. 여기에 '데이터' 사업에서 매출이 나온다. 현재 에누리에 쇼핑몰 1100개가 입정돼 있고, 4억3000여 개의 상품 데이터가 들어온다. G마켓이 5000만 개의 상품 데이터가 있는 것에 비해 저희는 4억개가 넘는 방대한 데이터를 처리할 인프라를 갖고 있다는 얘기다. 이 데이터를 기반으로 카탈로그를 제작하고, 쇼핑몰 상품을 매칭시킨다. 카탈로그라는 건 각각 다른 쇼핑몰에서 판매하는 중복되는 상품들이 너무 많은데, 같은 상품을 묶어 대표 모델을 만드는 것을 말한다. 이 모델이 980만 개 정도 된다. CM들이 모델을 생성하고, 여기서 데이터 매출이 나온다.""- 에누리에서 정제된 데이터를 판매하는 방식이라고 보면 되나. ""데이터 자체를 구매하는 기업도 있고, 한 번 더 정제해서 마케팅 인사이트 리포팅이라고 하는 서비스도 제공한다. 현재 한국은행과 조달청 등에서도 이용하고 있는데, 한국은행은 빅데이터를 경기동향 파악하는 데 활용한다. 요즘 이커머스 트렌드라는 중요한 지표에 에누리 데이터를 사용한다. 또 대형 온라인 몰에서도 고객들이 두 번, 세 번 만에 원하는 상품을 찾을 수 있도록 하기 위해 '상품 정보 표준화'가 돼 있어야 하는데, 이 데이터를 에누리가 제공한다. 예컨대 5세 남아의 옷과 책·장난감·식품을 구매한다면, 쇼핑몰에서 의류 카테고리에 가서 '5세'를 선택해야 하고, 책을 사려면 '도서'에 들어가서 5세 남자를 찾아야 하지만, 에누리에서는 '5세 남아' 속성을 미리 선택할 수 있다. 고객들이 원하는 상품에 접근하기 위해 '표준 데이터'를 판매하는 것, 이것이 우리의 첫 번째 데이터 사업이다.""- 다른 데이터 매출은. ""데이터 기반의 시장 정보를 보여 주는 거다. 에누리에 쌓인 데이터들을 빅데이터로 만들고, 이걸 다시 정제한다. 정제라는 게 굉장히 어려운 부분이다. 다양한 정보를 분석할 수 있는 정보로 만드는 것이 핵심 기술이고, 여기에 인공지능이 들어간다. 정제가 된 부분들을 다시 분석해서 통계 리포트로 만드는 거다. 특정 제품이 어떤 쇼핑몰에서 얼마나 팔리는지, 냉장고 카테고리에서 어떤 브랜드가 많이 팔리는지, 어떤 요일에 잘 팔리는지 등 정보를 제공해 줄 수 있다. 과거 생리대 파동 당시 '릴리안' 제품을 구매한 고객들 시장점유율이 9.3%에서 5.2%로 급감했는데, 이들이 어떤 브랜드로 이탈했는지도 볼 수 있다. 이런 데이터를 보면 어떻게 마케팅을 해야 하는지가 나온다."" - 에누리가 코리아센터를 만났다. ""계속해서 데이터를 강조했는데, 이 측면에서 코리아센터 주요 서비스인 '메이크샵' '몰테일'과 시너지가 있을 것이다. 메이크샵은 소호 쇼핑몰의 호스팅을 하고 있는데, 여기에도 구매 데이터가 누적돼 있다. 또 몰테일은 해외에서의 구매 데이터를 갖고 있다. 이 데이터가 우리의 빅데이터에 결합된다면 굉장히 많은 쇼핑 영역을 커버하는 국내 유일 데이터가 될 거라 확신한다. 더불어 해외와 국내 쇼핑 구분이 의미가 없어진 요즘, 에누리가 국내에서 전문 가격 비교를 제공하고 앞으로 해외 쇼핑으로까지 확장될 수 있다. 이 부분에서 몰테일 등 서비스와 결합하기 위한 실무 TF팀이 구성됐다. 아직까지 해외 직구 비교하는 곳은 없다. 해외 직구부터 구매 대행까지 확대할 수 있을 것이다. 즉 일본·중국·유럽 등 비영어권의 해외 쇼핑까지 스마트 쇼핑을 제공하는 것이 서비스적인 비전이라고 보면 된다."" - 스마트택배와 시너지는 없나. ""스마트택배는 택배 조회 애플리케이션이고 주요 국내 택배사와 전산으로 연결돼 있는 유일한 앱이다. 메이크샵과는 이미 연동돼 있어 판매자들은 물론 구매자들 택배 조회가 가능하다.향후에는 해외 택배 조회까지 연동시킬 수 있을 것이다. 몰테일로 구매 대행했을 때, 택배가 국내에 들어오기 이전의 조회가 안 되니 그 부분까지 연동해서 모든 배송을 조회하는 서비스를 할 수 있을 것이다.""- 써머스플랫폼의 올해 목표는.""코리아센터와 함께하게 된 이후 가장 기대했던 것은 중장기적 전략을 세워 가는 것이었다. 이를 위해서는 기초체력을 잘 다져 놔야 한다. 빅데이터 확대를 위해서 연구 개발이나 인프라 확충, 사업 기획이나 서비스 준비가 중요할 것이다.  회사를 운영하는 개인적 목표로는, 회사의 성장과 직원들 개인의 성과를 연결시키는 것이다. 성과를 나눌 수 있는 시스템을 만들고 싶다. 기업공개(IPO)처럼 객관적 평가를 받을 수 있는 기회를 만들고, 직원들과 과실을 나누고 싶다.""권지예 기자 kwon.jiye@jtbc.co.kr"
"3","
                    롯데멤버스는 지난 27일 서울특별시 중구에 위치한 본사에서 ‘제4회 L.POINT Big Data Competition 시상식’을 개최했다고 밝혔다.올해로 4회째를 맞은 ‘L.POINT Big Data Competition(이하 엘포인트 빅데이터 컴피티션)’은 롯데그룹의 통합멤버십 서비스인 L.POINT에서 주최하는 국내 대표 빅데이터 공모전이다. L.POINT 회원의 구매 데이터를 기반으로 다양한 분석 방법론을 적용·검증하여 실질적인 비즈니스 활용안을 제시할 수 있어 타 공모전과 차별화된 빅데이터 분석의 장을 제공하고 있다.엘포인트 빅데이터 컴피티션은 다양한 소비 영역에서의 고객 행동 기반 빅데이터를 통해 엘포인트만의 차별화된 가치를 창출할 수 있는 빅데이터 분석 전문가를 발굴하기 위해 기획됐다.이번 대회는 고객의 니즈와 취향에 맞는 맞춤형 콘텐츠를 제안하는 ‘스마트 라이프 큐레이터’라는 주제로 진행되었으며 총 520개 팀이 참가, 최종 대상의 영예는 ‘Lalala’(김무녕, 조만재, 변영호)팀이 차지했다.‘Lalala’팀은 ‘고객 맞춤형 정보를 통한 새로운 경험 제공, 제휴사 방문 편의성 향상’이라는 컨셉으로 방향성을 제시하고 고객 특성 및 구매 상품 정보 기반 개인화 추천 알고리즘을 개발해 눈길을 끌었다. 특히 하이브리드 협업필터링 분석방법론을 정확히 이해하고 적절하게 적용해 결과를 도출했으며, 향후 비즈니스 활용을 위한 구체적인 안을 제시해 심사위원들로부터 높은 점수를 얻었다.대상을 수상한 ‘Lalala’팀은 “평소 접하기 힘든 데이터를 직접 분석해 유의미한 결과를 도출해 볼 수 있는 좋은 경험이었다.”며 “고객의 입장에서 빅데이터의 가치를 발견하기 위해 노력하고, 다양한 분석기법을 접목시키면서 빅데이터 분석 전문가로서 한 단계 더 성장할 수 있었다.”고 전했다.최우수상에는 DataPoor(서동현, 정여주, 김다영)팀, 안래리(전예리, 안효인, 오래은)팀, 우수상에는 DAPENDA(차욱현, 김제경, 노여명)팀, 대왕왕밤빵(임진영, 이지은, 최세환)팀, 창홍점(박정수, 김창현, 하홍석)팀이 선정됐다.수상 팀에게는 대상 300만원(1팀), 최우수상 200만원(2팀), 우수상 100만원(3팀)의 상금이 주어지고, 대상과 최우수상 수상자에게는 롯데멤버스 통계분석 관련 직무 지원 시 18년도 인턴 및 공채 1차 서류전형 면제 혜택이 특전으로 제공된다.롯데멤버스 빅데이터팀 신수경 팀장은 “이번 엘포인트 빅데이터 컴피티션은 작년보다 더욱 많은 참가자들이 신청해 다양한 아이디어와 열정을 보여줬다. 덕분에 내부 임직원들도 새로운 관점에서 데이터를 바라볼 수 있었고 다양한 분석 방법론을 배울 수 있는 귀중한 시간이었다.”며 “앞으로도 엘포인트의 빅데이터를 중심으로 유통 빅데이터 연구 활성화에 기여하고, 국내 빅데이터 산업을 선도하는 데 앞장설 것”이라고 전했다.이승한기자"
"4","
                    롯데멤버스(대표이사 강승하)의 ‘2017 L.POINT 애널리틱스 컨퍼런스’가 11월 15일 약 200여명의 L.POINT(이하 엘포인트) 내ㆍ외부 제휴사 대표이사 및 임원들이 참석한 가운데 롯데호텔월드에서 성황리에 막을 내렸다.이번 ‘2017 L.POINT 애널리틱스 컨퍼런스’는 4차 산업혁명 시대를 맞이하여 데이터 분석 역량과 신기술에 대한 관심이 고조되고 있는 가운데, 빅데이터 기반의 가치 창출 사례를 공유하고 2018년 빅데이터 컨설팅 추진 방향을 제안하기 위해 개최되었다.이번 컨퍼런스는 ‘고객분석(Customer Analytics) 전략과 사례’를주제로 진행됐다. 특히 개방형 플랫폼으로 확장하고 있는 L.POINT 빅데이터 분석기반의 역할 및 전문 컨설팅 분야 확대에 대한 심도 깊은 논의가 이루어졌다.강승하 대표이사의 환영사로 시작해 총 2개 세션으로 구성되었으며, 1부에서는 엘포인트 임원 발표와 외부 강연으로진행됐다.컨설팅 부문에서는 마케팅과 상품 영역의 컨설팅 적용뿐 아니라성장을 위한 두 가지 추진 계획에 대해서 발표했다.오상우 컨설팅부문장은 “고객 인사이트 분석을 넘어 상품, 마케팅 전략까지도 제안할 수 있는 역량을 키우고, 협력사와 동반성장을 위한 맞춤형 컨설팅도 추진할 계획”이라고 밝혔다.빅데이터 부문에서는 ‘빅데이터를 활용한 소비 트렌드 및 디지털분석 플랫폼’에 대해 소개했다. 황윤희 빅데이터부문장은“DSC(Digital Shared Center) 등 다양한 디지털 분석 플랫폼을 통해 고객을 이해하고 온?오프라인 고객 경험을 통합해 ‘옴니’서비스를 구현하기 위한 노력하고 있다”며 “고도화된 빅데이터분석기술을 통해 제휴사에 적용할 수 있는 다양한 서비스를 개발할 것”이라고 말했다.이어 글로벌 로열티 마케팅 전문 기업 아이미아(AIMIA)는 영국 슈퍼마켓 2위 업체인 세인스버리(Sainsbury’s)가 타사와 달리 세계 경제 불황 이후에도 영국 내 안정적인 점유율을 유지할 수 있었던 고객 분석 활용 사례를 통해 선도 업체들이 빅데이터를어떻게 분석?활용해 가치를 창출하는가에 대해 소개했다.한편 2부에서는 엘포인트 내?외부 제휴사 담당자들과 함께 2017년을 되돌아보고, 외부 강연과 다양한 사례 발표를 통해 향후 엘포인트의 전략적 방향에 대해 논의하는 시간을 가졌다.롯데멤버스 강승하 대표이사는 “신기술 도입을 통한 비즈니스 혁신을 위해서는 빅데이터 분석 역량 확보가 선행되어야 한다.”라며 “롯데멤버스는 더욱 면밀한 빅데이터 분석기술을 통해 새로운 유통환경에 발맞추고 빅데이터 컨설팅역량 혁신에박차를 가할 예정이다. 향후 엘포인트의 빅데이터 분석 기술은급변하는 비즈니스 환경에 놓인 기업들에게 해결책과 전망을제공하고, 고객들에게는 고도로 섬세한 맞춤형 서비스를 제공하게 될 것”이라고 말했다.김정한기자 "
"5","
                    [앵커]말씀드린 대로 이렇게 새로운 등장을 예고하고 있는 인터넷 전문은행이 과연 금융의 구조를 바꿀 수 있을 것인가… 큰 관심이 모아지고 있습니다. 소비자 입장에선 뭐가 달라지는 건지도 궁금하지만, 과연 청사진처럼 제대로 운영이 될 수 있을 것인가, 이게 가장 큰 관심사항이기도 하죠.이번에 예비인가를 받은 곳 중 한 곳인 카카오 모바일뱅크의 TF 팀장. 윤호영 부사장을 옆에 잠깐 모셨습니다. 어서 오십시오.[윤호영/카카오 모바일뱅크 TF 부사장 : 반갑습니다.][앵커]우선 제일 관심이 가는 부분이 중금리 신용대출 문제인 것 같습니다. 왜냐하면 지금 제1금융권을 제외하고는 상당히 대출금리가 더 높기 때문에 30%가 넘는 데도 있지 않습니까? 그런데 10%대로 한다라는 것이 어떻게 구조적으로 가능한 문제인가 하는 문제인데. 뭐라고 말씀하시겠습니까?[윤호영/카카오 모바일뱅크 TF 부사장 : 인터넷은행은 기본적으로 비용이 적은 구조를 갖고 있습니다. 지점이 없고 인력도 상당히 적고. 이런 저비용 구조를 기본으로.][앵커]경상비용이 적게 들어간다는 얘기죠?[윤호영/카카오 모바일뱅크 TF 부사장 : 그래서 이런 저비용 구조로 금리를 낮출 수 있는 힘이 있습니다.][앵커]그게 10% 중금리 대출의 모든 근거가 될 수 있을까요?[윤호영/카카오 모바일뱅크 TF 부사장 : 또 하나가 있는데 그건 이제 빅데이터를 기반으로 한 신용평가입니다. 저희 인터넷은행은 기존 금융권에서 쓰고 있는 신용평가 데이터 위에 온라인에서 발생하는 여러 가지 빅데이터를 통해서…][앵커]그 사람의 신용을 파악할 수 있는 갖가지 다른 데이터가 있다.[윤호영/카카오 모바일뱅크 TF 부사장 : 네.][앵커]그러니까 지금 금융권에서 하고 있는 것 외에 예를 들면. 책을 많이 사본 것도 그중에 들어간다고 하던데.[윤호영/카카오 모바일뱅크 TF 부사장 : 네, 맞습니다. 그리고 온라인 전자상거래에서 쇼핑했던 이력들, 게임을 해서 게임 아이템을 샀던 이력들, 이모티콘 등등의 여러 가지 온라인의 빅데이터가 그 안에 들어갔으면 기존에 있는 신용평가등급보다는 훨씬 더 고도화되어서 정확한 신용평가가 나오기 때문에.][앵커]그만큼 지불능력이 있는가 하는 것을 빅데이터로 파악할 수 있다.[윤호영/카카오 모바일뱅크 TF 부사장 : 네.][앵커]그런데 이제 아무래도 돈을 빌려주는 은행 입장에서는 여태까지 다른 은행들을 보면 그 부분을 굉장히 보수적으로 판단하지 않습니까?[윤호영/카카오 모바일뱅크 TF 부사장 : 네, 맞습니다.][앵커]그래야만 안전성이 은행으로써는 담보가 되는 것이기 때문에. 그런데 빅데이터에서 물론 정확한 것을 파악한다 하더라도 그것 가지고 과연 돈을 그렇게 빌려줘도 되는 것이냐 하는 것을 그냥 객관적인 입장에서 보자면 우려되는 바가 있지 않을까요? 다시 말하면 담보일수록 더욱더 보수적으로 판단해야 은행이 안전하지 않겠느냐 하는 것인데. 괜찮겠습니까?[윤호영/카카오 모바일뱅크 TF 부사장 : 저희는 고객을 이해하는 데 그 빅데이터가 얼마나 정확한지 이해하는 데 어느 정도 시간이 걸린다고 생각합니다. 그 시간 동안에는 저희가 그 빅데이터 이전에 기존의 금융권에서 했었던 기본적인 신용평가 데이터에 비용이 저렴한 그 가격 경쟁력에다가 금리를 낮춰서 가고, 고객을 이해하면 이해할수록 더 기존에 있는 금리보다 더 낮은 금리가 가능하다고 생각합니다.][앵커]하여간 자신감을 가지고 시작하시는 거는 누가 뭐라고 할 수 없는 거니까. 과연 이번에 이제 그러한 신용평가가 그야말로 상식적으로 작동할 수 있겠느냐 하는 것을 시험대에 올린다고 봐도 될 것 같습니다. 어떻게 보면.[윤호영/카카오 모바일뱅크 TF 부사장 : 네, 맞습니다.][앵커]아마 문제는 아까 잠깐 말씀드렸습니다만 초기 3년을 적자를 예상하고 계시던데.[윤호영/카카오 모바일뱅크 TF 부사장 : 네.][앵커]소비자 입장에서는 내가 돈을 맡기든 빌리든 하는 곳이 지속성에 대한 신뢰가 있어야 되는데. 3년 동안 적자 이후에 과연 그 이후에 예를 들어서 흑자로 전환할 수 있겠느냐, 그때까지 잘 버틸 수 있겠느냐 하는 불안감이 있을 것 같습니다. 그건 어떻게 답변하시겠습니까?[윤호영/카카오 모바일뱅크 TF 부사장 : 그런데 그 부분은 저희가 참 많이 고민했던 부분이고요. 그래서 저희는 은행을 출범할 때 기본적으로 안정성을 굉장히 중요시했습니다. 그래서 참여하는 주주에, 기존에 있는 금융권 주주가 60%의 지분을 갖고 적자보다 훨씬 큰 자본금 3000억을 가지고 시작을 합니다. 그래서 혁신성이 여러 차례 시도가 되더라도 큰 안전성을 통하여 기존에 있는 3년이라는 적자구간들은 해소가 될 수 있다고 보고 저희는 3년이라는 기간을 적자라는 기간으로 보기보다는 그때는 고객을 알아가고 고객을 위해 고객의 편리성을 위한 투자하는 기간이라고 생각합니다. 그래서 그런 투자와 고객의 편리성이 점점 확산이 되면 안정성을 믿고 카카오뱅크를 이용할 거라고 생각합니다.][앵커]그런데 카카오뱅크는 지금 카카오에서 지분 가지고 있는 건 10%밖에 안 되던데요.[윤호영/카카오 모바일뱅크 TF 부사장 : 네.][앵커]왜냐하면 이제 은산분리이기 때문에. 당연히 그럴 수밖에 없는 거지만. 그래서 정부에서는 이걸 10%를 50%로 늘리겠다. 그런데 이게 은산분리는 워낙 지난 오랜 기간 동안 논쟁이 돼 왔던 부분이기도 하고. 그래서 야당에서 반대합니다. [윤호영/카카오 모바일뱅크 TF 부사장 : 네, 맞습니다.][앵커]다시 말해서 산업자본이 금융자본까지 다 이렇게 많이 갖게 되면 거기에 집중되는 자본급 집중의 역효과가 있기 때문에. 그런데 좋습니다. 아무튼 그게 나중에 어떻게 될지 모르겠습니다마는 지금 10%만 가지고 있는 카카오 입장에서 지금말씀하신 그런 사업들을 주체적으로 할 수 있겠느냐 하는 의문도 생깁니다.[윤호영/카카오 모바일뱅크 TF 부사장 : 저희는 은행업법이 바뀌기를 희망합니다. 그렇지만 바뀌지 않더라도 카카오뱅크는 모인 주주들은 카카오뱅크가 우리나라 최초의 인터넷 은행으로서 자리를 잘 잡고 이게 혁신의 기반이 되기를 원합니다.][앵커]KT도 있습니다. 두 군데이기 때문에.[윤호영/카카오 모바일뱅크 TF 부사장 : 그래서 서로 경쟁해 가면서 이 은행이 잘 되고 이렇게 은행이 잘 된다고 하면 기존에 금산분리에 대해서 반대를 하셨던 분들도 이게 잘 작동이 될 수 있구나라고 하면 길을 열어줄 수 있도록 생각합니다.][앵커]아무튼 여러 가지로 새로운 시험대에 올리는 게 많이 있는 것 같습니다. 하여간 지켜보도록 하겠습니다. 윤호영 카카오 부사장이었습니다. 고맙습니다.[윤호영/카카오 모바일뱅크 TF 부사장 : 고맙습니다.]
                "
"6","
                    최대 음원사이트라는 이유로 음원사재기 의혹의 표적이 되고 있는 멜론이 차트의 신뢰도를 거듭 강조했다. 멜론을 운영하는 로엔엔터테인먼트의 신원수(52) 대표이사는 12일 '멜론 빅데이터 개방' 1주년을 계기로 ""음원 사재기에 대한 내용이 왜곡돼 전달되고 있다""고 지적했다. 멜론이 최근 내세우고 있는 것은 빅데이터. 생성 주기가 짧고, 형태도 수치 데이터뿐 아니라 문자와 영상 데이터를 포함하는 것이다. 멜론은 이를 토대로 소비자와 다양하게 소통할 수 있는 콘텐츠를 만들어낸다는 계획이다. 하지만, 특히 실시간 음원차트에서 빅데이터의 순도에 따른 '공정성'에 대한 의심이 제기돼왔다. 최근 멜론에서 수 천 개 '유령 ID'가 확인됐다는 보고가 잇따르면서 의혹은 더욱 부풀려졌다. 특정 ID에 숫자를 붙여 만드는 유령 ID들이 특정 가수(팀)의 곡을 동시 다발적으로 스트리밍하거나 다운로드한다는 것이다. 신 대표는 그러나 ""이미 조직 내에 데이터 분석팀을 두고 가비지 데이터(Garbage Data)에 대한 클리닝 시스템을 운영하고 있다""고 해명했다. 실제 데이터의 순도를 왜곡하는 '쓰레기 데이터'를 걸러내고 있다는 것이다. ""2년 전부터 이러한 문제(유령ID)에 대한 필터링이 진행 중이고 시스템에서 연달아 걸러지고 있다""고 전했다. 다만 ""제도적인 것, 즉 고객의 정보를 취득하고 정보를 보전하기 위해서는 아직 해결해야 할 점이 많다""는 판단이다. 또 음원 사재기 시도가 빅데이터 활용에 부정적인 영향을 끼치는 건 어렵다면서도 '가비지 데이터'와 경계를 짓기가 모호할 때도 있다고 밝혔다. 특정 가수의 팬덤이 비정상적으로 트래픽을 늘리는 경우다. 신 대표는 ""인터넷 사이트에서는 창과 방패의 대결이 벌어지고 있다""며 ""새로운 문제들이 생겨나고 있고 그것을 막기 위해 노력하고 있다. 완전하다고 말하기는 어렵지만 가치를 훼손하지 않도록 합리성을 위해 노력하고 있다""고 말했다. 음원차트 왜곡 시비에 대해서도 ""그렇지 않다""고 해명했다. ""멜론은 수백만명이 이용하는 데이터다. 1000~2000명의 가비지 데이터가 들어와 의미를 퇴색하기 힘들다""는 것이다. ""클리닝 시스템이 진화하고 있으니 염려를 하지 않아도 된다.""음원 차트를 왜곡하고 있는 또 다른 원흉으로 지적되고 있는 것은 음원차트의 맨 위에 노출되는 추천제도다. 특히 멜론은 자사가 유통하는 음원을 노출하는 경우가 많다는 의심을 받고 있다. 신 대표는 업계의 이해 관계자들 사이에 '추천 제도'가 가치에 부합하지 않으면 개선돼야 하지만, 추천제도가 필요하다는 입장이다. ""대형기획사나 인디뮤지션이나 내 음악을 알리는 기회를 어떻게 유효하게 잘 만들어내느냐가 중요하다. 소비자가 듣지 않은 것을 효과적으로 발굴하는 것이 중요하기 때문""이라는 것이다. 문제는 한정된 페이지에 노출되는 곡에 제한이 있다는 점이다. ""자원이 할당돼 있다는 것을 풀기 위해서는 공정성과 합리성이 필요하다. 그래서 추천 방식을 다양화하고 고도화할 생각이다. 인위적이고 특정한 선택에 의해서 공정성이나 합리성이 위협받을 수 있는 소지를 없애야 하기 때문이다. 그래서 소비자들이 어떤 음원을 듣는지 매핑(도표화)을 해서 이르면 연내 또는 연초에 (추천제도에 대한) 새로운 알고리즘을 개발할 것이다.""빅데이터 관련 프레젠테이션을 한 로엔엔터테인먼트 멜론사업부문 이제욱 부문장도 최근 추천곡 제도가 화두가 되고 있다며 ""빅데이터를 기반으로 소비자 개별 취향을 분석, 개인화 추천 시스템 도입 등을 고려하고 있다""고 알렸다. 신 대표는 추천제도로 인한 순위 왜곡에 대한 인식은 과장됐다고 본다. ""엠넷과 KT 역시 음원사이트 운영과 함께 음원을 유통하고 있다. 그런데 이들이 운영하는 차트를 봐도 로엔이 유통한 음원들이 비중이 높다. 1~100위를 볼 때 우리가 유통한 것이 50% 이상일 때도 있다""는 것이다. ""물론 현실적으로 개선해야 할 부분이 있는 것은 맞다""고 덧붙였다. 한편, 올해 설립 11주년을 맞은 멜론은 10년간 서비스 운영을 통해 구축한 빅데이터를 뮤지션(기획사)에 공개하고 고객에게 차별화된 음악 향유의 기회를 제공하는 'MLCP(Music Life Connected Platform)'을 지난해 론칭했다. 멜론은 이날 현재까지 612개 연예기획사와 2만2000명의 뮤지션이 이 플랫폼의 파트너센터에 등록해 여러 콘텐츠를 이용하고 있다고 밝혔다. 이 본부장은 ""이 가운데 79.3%는 그 동안 미디어에서 쉽게 접할 수 없던 뮤지션""이라며 ""이는 파트너센터를 통해 팬 또는 잠재 팬들에 접근 및 소통이 가능하고, 높은 마케팅 효과를 기대할 수 있기 때문""이라고 말했다. ""공연 콘텐츠를 멜론에 직접 게시하는 것이 가능해지면서 인디뮤지션, 해외 아티스트의 팬과 음원 소비도 늘었다""고 부연했다. 인디 듀오 '신현희와 김루트', 인디싱어송라이터 허지영, 영국의 싱어송라이터 에드 시런 등을 예로 들었다. 이후 모바일 팬 커뮤니티 '멜론아지톡', MD몰 '멜론쇼핑', 이용자 참여 UGC 플랫폼 '멜론쇼윙', 공연의 티켓을 살 수 있는 '멜론티켓' 등 빅데이터 기반의 여러 신규 서비스를 선보인다는 계획이다.(뉴시스)
                "
"7","
                    강원도가 네이버와 손잡고 빅 데이터 산업의 요람으로 집중 육성된다.정부와 강원도 및 네이버 등은 11일 강원도청에서 강원창조경제혁신센터(이하 강원센터) 출범식을 가졌다. 강원센터는 정부가 10번째로 문을 여는 창조경제혁신센터로 강원대학교 한빛·보듬관에 2층 1267㎡ 규모로 설치됐다. 1층은 개방형 네트워크공간으로, 2층은 빅데이터존·컨설팅 공간·교육 및 네트워킹·스타트업 입주공간으로 각각 활동된다. 국내 최대 포탈기업인 네이버가 파트너이며 관광·헬스케어·바이오 등 정보기술(IT) 기반 융복합산업 육성에 나선다.강원센터는 모든 빅데이터 정보가 집적·거래될 수 있는 인프라를 구축한다. 전국 50여개 빅데이터 관련 기관과 협업해 민·관이 보유하고 있는 방대한 데이터를 통합 검색·활용할 수 있는 '빅데이터 포털'을 운영한다. 빅데이터 분석기법과 분석정보가 거래되는 '빅데이터 마켓'도 구축한다.강원센터는 경북·광주·경남혁신센터와 손잡고 빅데이터를 활용해 제조업과 정보기술(IT)이 결합된 스마트공장 모델로 제조업 혁신도 추진한다. 다양한 분야에 빅데이터를 적용한 비지니스 모델도 개발한다. 빅데이터 기반 창업과 사업화도 지원한다. 예비창업자와 기업이 필요로 하는 아이디어를 확보하고 성과를 공유하는 온라인 플랫폼 'K-크라우드(가칭)'도 구축·운영한다. 빅데이터와 함께 다수의 아이디어를 모아 해답을 찾는 크라우드 소싱을 활용해 강원지역 전략 산업인 관광, 헬스케어, 농업을 혁신하고 지역경제를 활성화하는 방안도 추진된다.강원센터는 건보공단, 심평원과 협업해 다양한 기능을 갖춘 스마트 의료기기 개발도 지원한다. 이를 위해 스마트 헬스케어 기기 제작에 필요한 각종 생체·운동정보 등 빅데이터 수집 플랫폼을 구축·제공한다.또 작물 생육정보 등 농업 빅데이터 수집·분석 플랫폼을 구축해 농가에 제공한다. 농가는 해당 플랫폼을 활용해 우수한 종자를 개발하고 천연물을 활용한 고부가가치 식의약품을 개발하게 된다. 강원센터는 빅데이터 분야 창업 활성화, 지역 중소 상공인 육성을 위해 총 1050억원의 자금도 지원한다. 네이버·중기청·기업은행이 700억원 규모를, 강원테크노파크 투자조합과 강원신용보증재단이 350억원 규모의 투융자 펀드를 조성·운영한다.이날 출범식에는 박근혜 대통령과 최양희 미래부 장관, 최문순 강원도지사, 김상헌 네이버 대표 등 150여명이 참석했다. 권오용 기자 bandy@joongang.co.kr
                "
"8","
                    지난 2009년 돼지 인플루엔자와 조류 인플루엔자가 결합한 'H1N1 바이러스(신종플루)'가 급속도로 확산되고 있었다. 아무도 이 바이러스의 정체를 알지 못했고 마치 흑사병처럼 수백만 명이 사망할지 모른다는 비관적인 뉴스가 흘러나와 전 세계 사람들은 공포에 떨었다. 그때 세계인을 구한 것은 놀랍게도 구글이었다. 구글은 바이러스 관련 검색어의 빈도수와 검색자들의 위치정보를 분석해 신종플루 바이러스의 확산 경로를 정확히 예측해 바이러스 확산를 막는데 결정적인 공헌을 했다. 빅데이터가 만들어낸 기적이었다.  바야흐로 빅데이터 시대가 왔다. 빅데이터를 모르고, 제대로 활용할 줄 모르는 사람들은 안타깝게도 도태될 수밖에 없다. 얼마 전 사우나에서 있었던 일이다. 피곤했는지 잠깐 잠이 들었는데 옆에서 도란도란 얘기하는 소리가 들렸다. ""나는 왜 젊은 사람들이 A씨를 좋아하는지 모르겠어."" 그리고는 종편 채널에 나오는 과거 힘 있었던 한 정치인의 열변에 박수를 치며 동감했다. ""맞아, 젊은 사람들이 무슨 세상 경험이 있다고 정치를 해. 정치는 모름지기 경험에서 우러나는 거야. 아무나 정치하나?""슬쩍 옆자리를 보니 나와 비슷한 연배의 노신사들이었다. 기가 막혔다. 세상이 어떻게 돌아가는지 전혀 모르는 것 같았다. 빅데이터를 분석하는 큐레이터들이 있는 시대에 옛날 호랑이 담배피던 시절의 경험이 무슨 소용이 있겠는가. 요즘 젊은 사람들은 하루 종일 컴퓨터와 휴대폰만 보고 산다. 거의 80%의 의사소통을 SNS를 통해 하고 있다. 이런 세계에서 살다보면 굳이 사람을 만날 필요도 없다. 혼자 인터넷을 친구 삼고 살아도 큰 지장이 없다. 그들은 1970~80년대 정치인들은 전혀 모른다. 오직 인터넷을 통해 회자되는 정치인들만 안다. 그러니 A씨와 같은 정치인들을 좋아하는 건 당연하다. 이런 세상에 살면서 아직도 과거를 회상하며 ""제 경험으로는 앞으로 국정은 이렇게 될 겁니다""고 열변을 토하는 구시대 정치인이나 그의 말에 박수를 치는 장년층 분들을 보니 기가 막혔다.앞으로 우리는 더욱 더 빅데이터에 의존하게 될 것이다. 빅데이터를 쉽게 풀이하면 그렇다. 예전에는 여론조사를 위해 1000~2000명의 표본을 선택해서 의견을 물었다. 그런데 빅데이터는 따로 여론조사가 필요 없다. SNS에서 오가는 수백, 수천만 건의 대화를 직접 분석하면 된다. 전문가에 의하면 최근 수년간의 누적된 빅데이터량이 지금까지 인류전체 데이터량의 90%를 넘는다고 한다. 수많은 CCTV는 물론, 스마트폰에 떠도는 한마디가 영원히 저장되고 분석됨으로써 과거에는 경험으로 미래를 예측했지만 이제는 데이터로 미래를 예측하는 시대가 됐다. 앞으로는 빅데이터를 모르면 정치도, 장사도, 공부도 할 수 없게 된다. 미국 독립전쟁 당시, 군사작전은 매우 단순했다. 일렬로 서 있다가 적이 나타나면 앞줄부터 총을 쐈다. 전쟁을 하는 순간에도 상대방을 이기겠다는 전술보다도 정정당당하게 승부를 본다는 기사도 정신이 먼저였다. 반면 우리의 전쟁은 달랐다. '손자병법' 등 오래 전부터 전쟁을 통한 데이터를 축적했기에 기습·매복 등 다양한 작전을 펼 수 있었다. 세상은 빠르게 변했다. 이제는 경험을 통한 데이터만으로는 부족하다. 전쟁에서 이기려면 빅데이터 분석이 필수다. 자신의 경험도 중요하지만 세상의 빅데이터도 필요하다. 특히 국정을 펴기 위해서는 새해에는 젊은이의 시선으로 국정을 분석하는 새로운 시각이 필요하다. 물론 데이터만 맹신해서도 안 된다. 아무리 데이터를 분석해도 알 수 없는 미래가 있기 때문이다. (hooam.com/ 인터넷신문 whoim.kr)
                "
"9","
                    앞으로 국가 정책수립, 대국민 서비스(복지·창업지원) 및 사회현안 대응(치안·사이버 공격) 등 국정운영 전반에 빅 데이터 활용이 본격화한다. 또 공공·민간의 공개된 데이터를 수집·분석하는 '빅 데이터 분석 플랫폼'을 관계부처 공동으로 이용할 수 있게 된다.안전행정부(장관 유정복)는 '정부 3.0'의 핵심과제인 빅 데이터 활용 확대 방안을 7일 국무회의에 보고했다고 밝혔다.먼저 2017년까지 97개 빅 데이터 활용사업을 추진해 데이터 기반의 과학적 정책수립과 맞춤형 서비스 제공을 확대하기로 했다.이중 안행부·미래부가 중점지원 과제로 선정한 국민생활·안전, 일자리 창출 및 국정과제 관련 23개 사업은 우선적으로 예산이 지원된다. 올해에는 지난해 보다 10억원이 늘어난 460억원(중앙 400억원, 지방 60억원)을 지원한다.또 올해는 25개 신규 사업을 추진하고 지난해 완료된 여가부 '위기 청소년 조기경보', 경찰청 '범죄확률 사전예측', 통계청 '일일 물가분석' 등 주요 과제들의 서비스 제공도 본격화된다.또한 지난해 12월 구축한 '빅 데이터 공통기반 플랫폼'을 통해 행정기관들이 공개된 공공과 민간의 데이터를 자유롭게 수집·분석·공유할 수 있게 지원한다. 또한, 공공데이터전략위원회(국무총리 소속)에서는 공공부문의 빅 데이터 추진전략과 국가적 우선순위를 심의·조정할 계획이다.아울러, 미래부 등 관계부처와 함께, 빅 데이터 분석을 통한 미래전략 수립과 현안해결을 지원할 '국가미래전략센터' 구축방안을 마련하고, 산·학·연 협력을 통한 빅 데이터 처리·저장 등 기초기술 개발과 전문인력 양성도 지원할 계획이다.유정복 안행부 장관은 ""빅 데이터 활용으로 정부 3.0의 핵심인 국민 맞춤형·지능형 서비스 제공을 효과적으로 추진할 수 있게 됐다""면서 ""앞으로 빅 데이터 활용을 적극 확산해 나가겠다""고 말했다.빅 데이터(big data)란 디지털 환경에서 생성되는, 규모가 방대하고 생성 주기도 짧고 형태도 수치와 문자, 영상까지 포함하는 대규모 데이터를 말한다. 이를 활용하면 일정한 패턴을 발견하거나 사람들의 행동은 물론 위치정보와 SNS를 통해 생각과 의견까지 분석하고 예측할 수 있다.(뉴시스)
                "
"10","
                    NHN이 경남 김해에 제2데이터센터 ‘토스트 클라우드 센터2(TCC2)’를 건립한다고 4일 밝혔다.  NHN은 이날 경남도청에서 경남도, HDC현대산업개발, 김해시와 함께 ‘NHN의 클라우드 데이터센터 건립’을 위한 투자협약 체결식을 진행했다.  이번 투자 협약을 통해 NHN은 HDC현대산업개발과 함께 약 5000억원을 투입, 데이터센터 부지로 선정된 김해시 부원지구 2만여 평의 공동 개발에 나서며, NHN의 두번째 클라우드 데이터센터 ‘TCC2’와 R&D센터를 건립한다.  NHN은 올해 초부터 경남도와의 투자상담을 지속해오며 경남 지역 내 총 3곳의 데이터센터 후보지를 제안받았다. 이후 현장실사와 기술평가 등을 거쳐 김해 부원지구를 TCC2 최종 부지로 선정했다. TCC2 부지로 최종 낙점된 김해 부원지구는 NHN과 HDC현대산업개발과의 공동 개발을 통해 데이터센터 기반의 스마트시티로 조성될 계획이다.  김해 부원지구에 들어서는 ‘TCC2’는 10만대 이상의 대규모 서버 운영이 가능한 하이퍼스케일급 도심형 친환경 데이터센터로, 경기도 판교에 위치한 ‘TCC1’보다 4배 이상의 큰 규모다.  NHN은 자체 보유한 통합 클라우드 서비스 ‘토스트(TOAST)’의 사업 확대와 더불어 포스트 코로나 시대로 본격화된 디지털 전환으로 클라우드 수요 급증이 예상됨에 따라 TCC1의 데이터 수용 능력을 넘어선 새로운 ‘데이터 허브’가 필요했다.  TCC2는 경남지역의 제조업, 의료, 금융, 공공 등 지역 산업 대상의 클라우드 공급 확대와 빅데이터, AI 등을 활용한 산업 간의 연계를 통해 데이터 플랫폼 구축도 이끌어 간다는 계획이다.  또 NHN R&D센터는 500여 명의 연구 인력이 근무하며 경남 지역 산업과 ICT산업의 융복합 기반을 조성하게 된다.  진은숙 NHN CTO는 “NHN은 김해 부원지구의 TCC2를 클라우드 사업의 핵심 기지로 성장시키는 동시에, 경남지역이 IT 관련 신성장 산업 분야의 선도적 위치를 선점할 수 있도록 다각적인 투자와 지원을 지속해 나가겠다”고 말했다.  권오용 기자 kwon.ohyong@joongang.co.kr"
"11","
                    세종사이버대학교(총장 신구) 컴퓨터·AI공학과가 오는 6월 중순까지 “마이 데이터시대의 데이터 주권 관리” 특강을 시작으로 빅데이터 처리, 품질관리, 클라우드 가상화, 인공지능 전문 교육 등 다양한 특강을 실시간 온라인으로 개최할 예정이라고 밝혔다.이번 라이브 온라인 특강은 코로나19 감염증으로 인해 사회적 거리두기가 필요한 상황에서 최신 인공지능 기술과 빅데이터분석, IT 관련 자격증 취득을 통한 캐리어 관리 등에 대한 지식과 경험을 일반인들에게 무료로 제공하기 위한 온라인 교육을 제공한다.라이브 온라인 특강에는 5월 12일(화) 이수재 수석의 ’마이 데이터시대의 데이터 주권 관리‘, 5월 20일(수) 이찬우 수석의 ’클라우드 가상화 기술: 컨테이너와 오케스트레이션의 이해‘, 6월 2일(화)에는 김정중 교수의 ’데이터품질관리방법‘, 6월 4일(목)에는 이수재 수석의 ’R을 활용한 코로나 데이터분석‘ 등 실시간 온라인 특강을 진행하고, 특강 영상들을 학과 홈페이지 게시할 예정이며, 라이브 특강 참여 신청은 컴퓨터·AI공학과 사무실로 사전 신청이 가능하다.컴퓨터·AI공학과 김종배 학과장은 ""이번 온라인 특강은 학과 교강사진이 직접 참여하여 학과 수업에서 진행한 내용과 더불어 빅데이터분석, 인공지능활용, 클라우드, 가상화 기술까지 IT전문가로서 필요한 다양한 지식을 전달해 주는 기회가 될 것""이라고 밝혔다.기존의 온라인 특강에서는 일방향으로 진행된 반면, 이번 특강에서는 라이브 진행으로 진행 교강사진이 양방향으로 참여하여 참여자들과 상호 소통하는 자리를 마련하고, 컴퓨터·AI공학과 교수진도 참여하여 학과 입학부터 수업, 졸업까지 관련된 상담도 진행한다.김 교수는 “이번 라이브 온라인 특강에서 우수한 학과 강사진들과 수업 콘텐츠를 활용하여 일반인들에게 빅데이터분석, 인공지능활용, 클라우드 가상화 등 관련된 다양한 지식을 전해주는 기회가 되어 기쁘게 생각하고, 앞으로도 국내 최고의 컴퓨터·AI공학과로서 배움의 열망을 가진 이들에게 사회에 교육적 환원을 지속적으로 수행하겠다.”고 말했다.한편, 세종사이버대 컴퓨터·AI공학과에서는 인공지능전문가, 빅데이터응용전문가, 컴퓨터시스템전문가, 드론운용전문가, IoT전문가, 3D프린터개발전문가 등 다양한 전문과 과정을 운영하고 있으며, IT자격증 스터디반 운영, 실무형 빅데이터처리 교육을 통해 재학 중 전문지식을 가진 IT 전문가를 양성하고 있다.세종사이버대학교는 6월 1일부터 신/편입생 모집 예정에 있다. 고졸 학력이상이면 누구나 세종사이버대 소프트웨어공학과에 지원할 수 있다. 이정호기자
                "
"12","
                    [앵커]'한국판 뉴딜'로 만들 수 있는 건<U+00A0>어떤 일자리일까요. 정부가 오늘(7일) 공개한 청사진을 보면 막힌 도로를 피해갈 수 있도록, 빅데이터를 분석하는 사람을 뽑을 걸로 보입니다. 컴퓨터 언어로 프로그램을 만드는<U+00A0>코딩 기술자와 사이버 보안 요원도 채용합니다.박영우 기자입니다.[기자]세종시<U+00A0>정부청사에<U+00A0>있는<U+00A0>국가교통정보센터입니다.전국에<U+00A0>있는<U+00A0>도로<U+00A0>교통<U+00A0>정보가<U+00A0>이곳으로<U+00A0>모입니다.빅데이터를 분석해<U+00A0>정체<U+00A0>구간<U+00A0>등을<U+00A0>예상할<U+00A0>수<U+00A0>있습니다.빅데이터를 만들려면<U+00A0>많은 인력이<U+00A0>작은 데이터를 모으고 쌓은 뒤 가공해야 합니다.컴퓨터 언어로 프로그램을 만드는 코딩 기술자나<U+00A0>사이버 보안요원도 많이 필요하다는 게 정부의 설명입니다.정부가 추진하는 '한국판 뉴딜'은 이처럼<U+00A0>미래를 위한 디지털 인프라를 다지는 직업을<U+00A0>많이 만들겠다는 겁니다.한국판 뉴딜을 이끌 3대 사업은<U+00A0>데이터와 5G 기술, 인공지능입니다.한 사무실에서 얼굴을 맞대지 않아도<U+00A0>컴퓨터만 있으면 일할 수 있는 '비대면 일자리'라는 게 특징입니다.[홍남기/경제부총리 겸 기획재정부 장관 : 디지털 기반 일자리 창출 및 경제혁신 가속화 프로젝트를 중심으로 추진한다는 것이 요점이 되겠습니다.]빅데이터를 만드는 데 속도를 높일 수 있도록<U+00A0>5G<U+00A0>전국망도 예정보다 일찍 깔기로 했습니다.이를 위해서는 기지국을 늘려야 하는데,<U+00A0>이 과정에서 많은 일자리가 필요합니다.원격 교육에 쓸 수 있는<U+00A0>음성과 행동을 인식하고 언어와 시각정보를 이해할 수 있는 인공지능도 개발합니다.정부는 다음 달<U+00A0>초<U+00A0>한국판<U+00A0>뉴딜<U+00A0>세부<U+00A0>추진<U+00A0>방안을<U+00A0>확정해 발표하기로<U+00A0>했습니다.
                "
"13","
                    블록체인 기반 데이터 플랫폼 기업 '아모랩스(AMO Labs, 대표 심상규)'가 FIFA 인증 EPTS(Electronic Perfomence & Tracking System, 전자 퍼포먼스-트레킹 시스템) 기업 '핏투게더(대표 윤진성)'와 데이터 에코시스템 구축을 위한 업무 협약을 체결했다.'아모랩스'는 정보보안 전문기업 '펜타시큐리티'의 자회사로, 자동차 및 교통 데이터 플랫폼 'AMO'를 필두로 중국 전기차 제조사와 협업해 차량 정보 수집 및 분석 앱을 개발하는 등 국내외 사업을 전개하고 있다. 기존에 주로 자동차 데이터 사업에 집중해 온 터라 이번 EPTS 스포츠 데이터 협업은 다소 이례적이다.세계적으로 스포츠 데이터 활용 수요가 증가하는 가운데, '핏투게더'는 2017년 국내 최초로 EPTS 디바이스 등 웨어러블 스포츠 장비를 개발해 국제축구연맹(FIFA) 공식 EPTS 기업으로 승인받았다. 또한 K리그 공식 EPTS 파트너로 선정되면서 체계적 선수단 관리를 위해 선수들의 운동량, 성장도, 피로도 등 모든 활동 데이터를 세밀하게 수집, 분석하고 있다.이번 업무 협약을 통해 '핏투게더'가 수집, 분석한 스포츠 데이터는 'AMO' 플랫폼 상에서 데이터 저작권을 보장받으며 공유되고 거래된다. 이로써 '아모랩스'는 기존의 자동차 데이터 사업에 국한되지 않고 스포츠, 에너지, 공공, 의료 등 다양한 데이터를 활용하는 종합 데이터 생태계 비즈니스로 사업 영역을 확장하게 되었다.'아모랩스'의 심상규 대표는 ""지금까지는 차량 및 교통 데이터 사업에 집중해 왔지만, AMO 플랫폼은 어떤 종류의 데이터도 활용 가능하다. 마침 IoT와 빅데이터 분야의 급성장에 따라 광범위한 영역에서 데이터 활용 수요가 급증하고 있다. 이에 보다 확장된 데이터 에코시스템을 구축함으로써 데이터가 충분한 가치를 보장받으며 적재적소에 활용될 수 있도록 하겠다""고 말했다.이소영 기자 
                "
"14","
                    4차 산업혁명 시대가 도래한 뒤 다양한 산업에 빅데이터, 인공지능 등의 기술이 결합하여 새로운 시장이 탄생하고 있다.스포츠도 빅데이터 기술의 결합으로 새로운 국면을 맞고 있다. 선수, 코치 등 개인에 대한 자료는 물론이고 팀 전체의 역사와 성적 등 다양한 데이터를 바탕으로 경기의 승패를 면밀히 분석하며 수많은 스포츠 팬들의 시선이 쏠리고 있는 것.관계자는 ""많은 기업들이 경기 예측 시스템을 가동해왔지만 정확도면에서 문제가 많아 신빙성 있는 데이터와 분석 자료가 부족하다는 지적이 있어왔다. 스포츠와 빅데이터 기술이 결합되며 이러한 부분을 채워주고 있다""라고 전했다.해외에는 많은 기업들이 스포츠 빅데이터 분야에서 두각을 드러내고 있다. 대표적으로 미국은 ESPN이라는 스포츠 전문 웹페이지를 통해 스포츠 전반의 데이터와 통계를 바탕으로 한 프리뷰가 가능하고 승부예측 및 시뮬레이터를 통해 스포츠 매니아들의 갈증을 해소하고 있다.반면 국내에는 전문적인 스포츠 통계 웹사이트가 없어 스포츠 팬들의 아쉬움이 있었던 것이 사실이다. 이러한 가운데 단순히 보는 스포츠를 넘어 경기 결과를 예측하며 선수들의 활약을 응용된 데이터를 통해 확인할 수 있는 웹사이트 '프리뷰N'이 등장해 눈길을 끈다.4차 산업혁명을 대표하는 기술 중 하나인 빅데이터와 스포츠가 만나 탄생한 프리뷰N은 1차 데이터를 가공하여 2, 3차 데이터를 생산하고 있다. 특히 농구종목은 가공된 데이터를 바탕으로 시뮬레이션해 승부의 예측은 물론 각 팀의 점수분포를 예상할 수 있을 만큼의 정확한 데이터를 보여주고 있다.축구의 경우는 잉글랜드 프리미어리그는 물론 세계 5대 메이저 리그를 모두 다루고 있으며 각 경기의 결장자를 미리 알려주어 경기에 미치는 영향을 사용자들에게 보여준다. 아울러 각 팀의 포메이션별 득점과 실점의 분포도를 분석하고 있어 경기 시작 전 스포츠 마니아들에게 보다 흥미를 유발할 수 요소들을 갖추고 있다.농구의 경우, KBL을 비롯해 NBA까지 쿼터별 점수 분포, 3점 슈팅%, 페인트좀 점수 등 항목별 30여가지 이상의 세부 스탯을 등을 다룬다. 이러한 세부 스탯들은 프리뷰N에서 자체 개발한 시물레이터를 사용하여 매 경기 승패를 예측 할 수 있으며 각 팀의 점수 분포도를 볼 수 있다. 프리뷰N 개발진은 “해당 서비스의 경우 상당한 정확도를 자랑한다. 작년 NBA의 경우 75% 이상의 승패 예측 정확도를 보여주었다.”고 덧붙였다.프리뷰N 주용준 대표는 ""스포츠 빅데이터는 이미 전 세계적으로 활용되고 있으며 프리뷰N 데이터의 경우에도 많은 기자들이 기사를 쓰는 목적으로 활용하고 있다""라며 ""다양하고 정확한 데이터의 구축과 정보분석 알고리즘에 더 많은 투자를 하기 시작했다. 이는 보다 양질의 데이터를 발굴하기 위함으로 양질의 데이터는 앞으로 프로 스포츠는 물론이고 학원 체육발전에도 상당부분 이바지 할 수 있을 것으로 생각한다""라고 전했다.이승한기자
                "
"15","
                    '차이나는 클라스' 학생들이 '빅데이터'를 주제로 문답을 벌인다.4일(수) 방송되는 JTBC '차이나는 클라스-질문 있습니다'(이하 '차이나는 클라스')에서 빅데이터 분석학 전문가인 이화여대 신경식 교수가 흥미진진한 빅데이터 이야기를 나눈다.최근 진행된 '차이나는 클라스' 녹화에서 4차 산업 시대에 없어서는 안 될 미래의 먹거리, 빅데이터의 양면성이 화두에 올랐다. 빅데이터는 공공 분야에서도 범죄예방과 자연재해 예측까지 무궁무진하게 활용되고 있지만, 한편으로 사생활 침해가 아니냐는 우려의 목소리도 커지고 있는 상황. 신경식 교수는 ""미국의 한 마트에서 여고생의 구매 패턴을 분석해 유아용품 쿠폰을 발송하는 바람에 그때서야 부모가 딸의 임신을 알게 되었던 사건도 있었다""라고 전해 학생들을 놀라게 했다.이어 세계 최고 수준의 IT 인프라를 갖춘 대한민국이 빅데이터 활용 순위는 31위이라는 사실도 공개됐다. 신경식 교수는 ""우리 삶 뼛속 깊이 자리 잡은 빅데이터가 더욱 발전하기 위해서 꼭 넘어야 할 산이 있다. 바로 '개인정보 보호법'이다""라고 전했다. 대한민국의 개인정보 보호법으로 인해 많은 데이터 수집이 어려운 상황이라는 것. 이에 게스트로 출연한 유재환은 ""법이 너무 세다""라고 의견을 밝힌 반면, 오상진은 ""그도 그럴 것이 기업들의 개인정보 유출 사건이 너무 많았다""라며 소신을 밝히는 등 학생들 사이에서도 다양한 의견이 나왔다.또한 신경식 교수는 ""빅데이터 발전을 위해서 이 직업군의 양성이 중요하다""라고 전해 궁금증을 자아냈다. 미래의 직업군으로 각광받는 이 직업의 정체는 본 방송에서 공개된다.JTBC '차이나는 클라스-질문 있습니다'는 9월 4일(수) 밤 9시 30분에 공개된다.(JTBC 뉴스운영팀)
                "
"16","
                    유재환이 다이어트 성공 비결을 '빅데이터'라고 전했다.4일(수)에 방송되는 JTBC '차이나는 클라스-질문 있습니다'(이하 '차이나는 클라스')에서는 이화여대 빅데이터 분석학 전공 신경식 교수가 '빅데이터, 미래 먹거리 될까?'를 주제로 문답을 나눈다.최근 진행된 '차이나는 클라스' 녹화에서 신경식 교수는 빅데이터를 ""우리의 경쟁력을 좌우하는 '21세기의 원유'다""라고 소개해 눈길을 끌었다. 특히 화폐나 금처럼 새로운 자산이라 할 정도로 빅데이터의 중요성과 활용은 나날이 증가하고 있는 상황. 신경식 교수는<U+00A0>빅데이터의 정의는 물론 우리가 이를 알아야 하는 이유까지 흥미진진한 이야기를 전했다.한편, 이날 녹화에서는 넉 달 만에 '차이나는 클라스'를 다시 찾아온 특별한 게스트가 함께 했다. 최근 실시간 검색어 1위의 주인공으로 등극한 유재환이 바로 그 주인공. '법대 나온 남자' 유재환은 몰라보게 체중을 감량한 모습으로 나타나 학생들을 깜짝 놀라게 했다. 그는 ""발라드 가수의 진지함과 건강을 위해 8개월 전부터 현재까지 다이어트 중이다""라고 다이어트의 이유를 밝혔다. 이어 ""체중감량의 비결은 바로 오늘의 주제인 신기술 '빅데이터'다""라고 소개했는데, 학생들은 ""아무리 차이나는 클라스에 출연하고 싶다고 해도 너무하다""라며 이를 믿지 않았다는 후문. 과연 유재환이 밝힌 빅데이터 다이어트의 진실은 무엇일까.유재환의 다이어트 비법은 9월 4일(수) 밤 9시 30분에 방송되는 JTBC '차이나는 클라스-질문 있습니다'에서 확인할 수 있다.(JTBC 뉴스운영팀)
                "
"17","
                    지난 10년 동안 온 · 오프 유통채널의 지각변동을 경험한 패션기업들은 5G시대가 본격 개막한 올해를 기점으로 향후 10년 동안은 온라인과 모바일을 아우르는 e-비즈니스가 패션산업의 성패를 좌우할 것으로 내다보고 디지털 전환에 속도를 내고 있다.현재의 4차 산업혁명 시대에 패션은 빅데이터, 모바일, 인공지능 등과 융합해 혁명적으로 바뀌고 있다. 이제는 전문가가 아니더라도 손끝 터치만으로 패션 트렌드를 파악할 수 있고 매장에 가지 않아도 원하는 상품을 싸고 쉽게 구입할 수 있는 것이다.이러한 시대에 빅데이터를 배울 수 있는 패션인재가 필수적이나, 패션 관련 빅데이터를 활용한 수업을 하는 곳이 한정적이다.서울 혜화역에 위치한 한국패션실용전문학교에서 4차 산업을 대비해 다가오는 7월 22일에 ‘빅데이터를 활용할 수 있는 패션디자이너 양성’ 강의를 개강할 예정이다.이 수업을 통해 빅데이터를 활용하여 시장 환경 및 소비자 분석을 통해 패션기업에서 반품률을 줄이고, 고객의 만족도를 향상시키기 위해 고객의 직업, 나이, 체형, 구매성향, 스타일 등을 종합적으로 파악하여 고객에게 적합한 상품을 추천할 수 있는 내용을 배울 수 있다.국내외 트렌드 자료, 시장조사 자료, 패션정보의 수집 및 조사와 빅데이터를 활용한 패션디자인을 할 수 있는 능력과 생산을 위한 시제품 디자인을 채택, 시제품 작업의뢰서 및 시제품 진행 상황 맵을 작성할 수 있게 된다.또한 시제품의 패턴 개발을 의뢰, 개발된 패턴에 의해 제작도니 가봉 시제품을 확인, 패턴 수정을 의뢰하며, 시제품 본봉을 투입, 본봉 시제품의 완성을 확인할 수 있는 능력을 함양시킨다.빅데이터 관련된 이론뿐만 아니라 컴퓨터 그래픽 활용, 포트폴리오 구성 및 제작, 3D CLO, 3D 디자인, 상품기획 등을 심도있게 다룰 탄탄한 교육 커리큘럼을 보유하고 있다. 교과목 샘플패턴 제작을 통해 필요한 사이즈를 설정하고 샘플겉감패턴을 제작, 가봉, 의뢰 및 샘플 패턴 수정부터 재단, 부속봉제 및 합복, 봉제까지 다루는 것이다.한국패션실용전문학교는 고용노동부 선정 교육기관 평가에서 A등급(2013년, 2014년, 2015년)을 받은 바 있으며, 2018년에는 4차 산업혁명 선도 훈련기관으로 선정되기도 하였다.한국패션실용전문학교 ‘빅데이터를 활용할 수 있는 패션디자이너 양성’ 강의는 국가직무능력표준(NCS)을 기반으로 운영하는 실업자(국가기간) 특화과정이다. 내일배움카드 발급 시 수강료를 전액 환급 받을 수 있어 무료로 진행된다.‘빅데이터를 활용할 수 있는 패션디자이너 양성’ 수강신청은 한국패션실용전문학교 홈페이지 및 대표번호를 통해 문의/접수 가능하며, 7월 5일에 접수 마감 예정이다.이소영 기자
                "
"18","
                    그래프 데이터베이스(GDB) 솔루션 전문회사인 비트나인은 국내 반입이 금지된 불법 상품, 마약 등 밀수 범죄를 단속하기 위한 실시간 탐색 시스템 구현을 위해 자사의 아젠스그래프를 관세청에 공급했다고 17일 밝혔다.소위 ‘눈에 보이는 빅데이터’를 표방하는 ‘그래프 데이터베이스 솔루션(GDBMS)’은 지난 수십년간 사용되어온 데이터베이스(RDB) 방식으로는 방대한 양의 빅데이터간 상관관계를 분석하는데 한계가 있어 새롭게 등장한 솔루션이다. 지난 10여년전부터 외산 기술이 개발되어 왔으나 국내 독자 기술로는 비트나인에서 최초로 개발했다고 회사 측은 설명했다. 그래프 데이터베이스 솔루션은 데이터 자체를 점, 선 등 그래프를 활용해 저장, 관리하기 때문에 데이터간의 상관관계를 시각적으로 파악하는데 용이하다. 비트나인은 관세행정 IT 전문기업 케이씨넷(KCNET)과 창원문성대학교와의 협력을 통해 밀수 우범여행자 정보 분석 시스템을 관세청에 공급했다. 관세청은 이번 시스템 도입을 통해 과거 밀수, 마약 등 범죄에 연루된 운항정보, 출입국 정보 등 빅데이터를 실시간으로 시각화해 범죄 탐색 및 예방에 드는 시간과 노력을 줄이게 됐다.비트나인은 관세청 외에도 점차 고도화 및 지능화되고 있는 사이버 보안 위협에 대한 지능형 실시간 대응 시스템에 참여하는 등 국내외 민간 및 정부기관 등을 대상으로 수행 사례를 만들어 가고 있다. 또 군사정보 해킹, 사이버테러 등 다양한 분야에서도 그래프 데이터베이스가 새로운 대안으로 떠오르고 있다고 회사 측은 설명했다.오픈소스 방식으로 공개된 비트나인 아젠스그래프는 한국은 물론 미국, 유럽 등 글로벌 시장에서 지난해 총 2만여건의 다운로드를 기록하며 연간 40배의 성장률을 기록했다. 산업은행, 기업은행 등 각종 기관으로부터 연간 100억원 달하는 투자금을 유치하기도 했다.권오용 기자 kwon.ohyong@jtbc.co.kr
                "
"19","
                    취업경쟁이 갈수록 치열해지면서 취준생들의 스펙도 점차 상향 평준화되고 있다. 스펙의 차이가 크게 없는 상황에서 새로운 자격증이나 기술을 먼저 접하는 것이 취업경쟁에서 우위를 점하는 비결이 됐다.취업포털 인크루트의 조사에 따르면, 취준생들의 1년 스펙쌓기 비용은 342만원으로 집계됐다. 취업 준비 비용을 아르바이트로 마련하는 취준생도 구직자 75%에 달하는 것으로 나타났다. 스펙비용에서 가장 큰 비중을 차지하는 것은 바로 자격증과 어학시험인데, 스펙에서 자격증과 어학성적이 필수가 되면서 지출을 줄이기 어려운 상황이다.최근에는 4차산업혁명과 빅데이터, 인공지능, 블록체인 등에 IT기술의 수요가 커지면서 관련 교육도 스펙쌓기에서 빠지지 않고 있다. 문제는 바로 비용인데, 국가에서는 이러한 부담을 해소시키기 위해 IT분야 직업훈련 교육 중 일부를 환급해 주고 있다, 취준생을 대상으로 한 IT국비교육은 높은 경쟁률을 기록하고 있다. 한경닷컴 IT교육센터가 모집한 ‘실무 프로젝트 기반 빅데이터 전략 마에스트로’ 과정은 1차 모집 기간에 4:1의 높은 경쟁률을 기록했으며 대전지역도 1차 모집에서 3:1의 높은 경쟁률을 보였다.현재 서울지역은 2차 마감일인 5월 26일까지 접수자에 한해 결원 발생시 대기자로 등록되며 대전지역도 5월 26일까지 접수가 이어질 예정이다.해당 과정은 과학기술정보통신부와 정보통신기획평가원이 주관하는 ‘2019 혁신성장 청년인재 집중양성 사업’의 일환으로, 인공지능과 빅데이터 분야 전문 기업인 와이즈넛과의 협력을 통해 실무 프로젝트를 기반으로 구성되어 있다.청년 취준생들의 부담을 없애고자 전액 국비로 진행되며 교육에 참여 학생들에게 교통비와 식비를 지원한다. 또한 교육 과정에서 우수 교육생을 선정하여 CES 2020에 참관, 교육생 취창업 특강, 취업상담을 진행하며, 수료생을 대상으로 와이즈넛, 한성기업 등 108개 기업에 취업연계를 지원한다.‘실무 프로젝트 기반 빅데이터 전략 마에스트로’ 과정의 교육기간은 6월 3일부터 11월 25일까지며 총 교육시간은 960시간으로 기술교육, 실무 프로젝트, 전문가 멘토링으로 나눠 진행할 예정이다.전액 무료로 진행되는 본 교육은 이공계 및 인문·사회 전공자도 교육 받을 수 있도록 빅데이터 산업 맞춤형 인재로 육성되며 빅데이터 수집, 분석, 인사이트 도출 학습으로 진행되기 때문에 비전공자도 빅데이터 분야 학습이 가능하다.이승한기자 
                "
"20","
                    뉴이스트가 보이그룹 브랜드평판 2019년 5월 순위에서 2위로 뛰어올랐다.한국기업평판연구소는 2019년 4월 9일부터 2019년 5월 10일까지 측정한 보이그룹 브랜드 빅데이터 74,445,733개를 소비자 행동분석을 통해 보이그룹 브랜드에 대한 참여지수, 미디어지수, 소통지수, 커뮤니티지수를 측정했다. 지난 4월 브랜드 빅데이터 72,136,726개 와 비교해보면 3.20% 증가했다. 평판지수는 보이그룹에 대한 긍부정 평가, 미디어 관심도, 소비자들의 관심과 소통량을 측정할 수 있다. 브랜드평판 에디터 100명의 브랜드 모니터 분석도 포함됐다.1위, 방탄소년단 (RM, 슈가, 진, 제이홉, 지민, 뷔, 정국) 브랜드는 참여지수 5,759,984 미디어지수 9,311,616 소통지수 4,452,412 커뮤니티지수 5,401,821가 되면서 브랜드평판지수 24,925,833로 나타났다. 지난 4월 브랜드평판지수 16,144,122와 비교하면 54.40% 상승했다.2위, 뉴이스트 (JR, Aron, 백호, 민현, 렌) 브랜드는 참여지수 778,888 미디어지수 2,531,840 소통지수 426,041 커뮤니티지수 1,035,926가 되면서 브랜드평판지수 4,772,695 로 분석됐다. 지난 4월 브랜드평판지수5,123,424 와 비교하면 6.85% 하락했다.3위, 엑소 (수호, 찬열, 카이, 디오, 백현, 세훈, 시우민, 레이, 첸, 타오, 루한, 크리스) 브랜드는 참여지수 358,688 미디어지수 1,332,224 소통지수 1,115,534 커뮤니티지수 758,433가 되면서 브랜드평판지수 3,564,879로 분석됐다. 지난 4월 브랜드평판지수 6,246,700 와 비교하면 42.93 % 하락했다.4위, 슈퍼주니어 (이특, 희철, 예성, 신동, 은혁, 동해, 시원, 려욱, 규현, 성민, 강인) 브랜드는 참여지수 118,800 미디어지수 1,462,016 소통지수 140,569 커뮤니티지수 555,170가 되면서 브랜드평판지수 2,276,555 로 분석됐다. 지난 4월 브랜드평판지수 1,274,249 와 비교하면 78.66% 상승했다.5위, 세븐틴 (에스쿱스, 정한, 조슈아, 준, 호시, 원우, 우지, 디에잇, 민규, 도겸, 승관, 버논, 디노) 브랜드는 참여지수 280,192 미디어지수 743,648 소통지수 597,086 커뮤니티지수 335,382가 되면서 브랜드평판지수1,956,308 로 분석됐다. 지난 4월 브랜드평판지수 1,863,922와 비교하면 4.96% 상승했다.한국기업평판연구소 구창환 소장은 ""보이그룹 브랜드평판 2019년 5월 빅데이터 분석결과, 방탄소년단 브랜드가 1위를 기록했다. 보이그룹 브랜드 카테고리는 지난 4월 브랜드 빅데이터 72,136,726개 와 비교해보면 3.20% 증가했다. 세부 분석을 보면 브랜드소비 18.64% 상승, 브랜드이슈 12.00% 상승, 브랜드소통 10.65% 하락, 브랜드 확산 6.23% 하락했다""라고 평판을 분석했다.이어 ""보이그룹 브랜드평판 2019년 5월 빅데이터 분석 1위를 기록한 방탄소년단 브랜드는 링크 분석에서는 ""멋지다, 행복하다, 빛나다""가 높게 분석되었다. 키워드 분석에서는 ""빌보드, 유튜브, 지민""이 높게 분석되었다. 긍부정비율 분석에서는 긍정비율 98.75%로 분석되었다. 방탄소년단 브랜드 세부분석을 보면 브랜드소비 40.48% 상승, 브랜드이슈 102.19% 상승, 브랜드소통 21.62% 상승, 브랜드 확산 43.00% 상승했다""라고 브랜드 빅데이터 분석해 설명했다.2019년 5월 보이그룹 브랜드평판 30위 순위는 방탄소년단, 뉴이스트, 엑소, 슈퍼주니어, 세븐틴, 더보이즈, 스트레이 키즈, 샤이니, 몬스타엑스, 펜타곤, 투모로우바이투게더, NCT, 위너, 인피니트, 베리베리, 비스트, FT아일랜드, JBJ95, 비투비, 뉴키드, 동방신기, 2PM, 신화, 핫샷, 빅스, 아이콘, 갓세븐, 아스트로, 하이라이트, VAV 순으로 분석됐다.황지영기자 hwang.jeeyoung@jtbc.co.kr"
"21","
                    JTBC가 콘텐츠 프로토콜과 손 잡고 콘텐츠 경쟁력 강화를 위한 빅데이터 분석 작업을 진행한다. JTBC는 콘텐츠 프로토콜과 콘텐츠 업계에 빅데이터 분석 서비스를 제공하는 '데이터 대시보드' 개발 협력 계약을 체결했다. 콘텐츠 프로토콜은 주식회사 왓챠에서 진행하는 신사업. 콘텐츠 공급자가 더 우수한 결과물을 내놓을 수 있도록 콘텐츠 평가 및 감상 데이터를 분석해 자료를 제공하는 서비스다.화제성 등 이미 콘텐츠 업계에서 활용하고 있는 자료가 있지만, 콘텐츠 프로토콜은 여기에서 더 나아간다. OTT 플랫폼 상에서의 시청자 감상 패턴과 취향까지 분석해 타깃 시청군을 설정하고 제작에 반영될 수 있도록 자세하게 데이터를 분석한다. 이 서비스가 정교해질 경우 방송사는 채널 뿐 아니라 OTT플랫폼에서의 경쟁력 확보에도 큰 도움을 받을 수 있게 된다. JTBC는 이번 협력 계약을 통해 콘텐츠 프로토콜 측으로부터 자체 콘텐츠에 대한 OTT 플랫폼 시청 동향 데이터 분석 서비스를 제공받게 됐다. 윤희웅 JTBC 편성팀장은 ""채널과 채널 간의 경쟁 뿐 아니라 OTT를 비롯해 타 플랫폼에서의 콘텐츠 간 경쟁 역시 날로 치열해지고 있다. 콘텐츠 프로토콜에서 제공하는 데이터가 JTBC의 콘텐츠 경쟁력 강화에 도움이 될 것으로 기대된다""라고 밝혔다. 콘텐츠 프로토콜 박태훈 공동 대표는 ""데이터 분석을 기반으로 더 경쟁력 있는 콘텐츠 제작을 돕겠다는 콘텐츠 프로토콜의 목표에 한 걸음 더 나아가게 돼 기쁘다""고 포부를 전했다. 황소영 기자 hwang.soyoung@jtbc.co.kr"
"22","
                    JTBC가 '콘텐츠 프로토콜'과 손 잡고 콘텐츠 경쟁력 강화를 위한 빅데이터 분석 작업을 진행한다.JTBC는 콘텐츠 프로토콜과 콘텐츠 업계에 빅데이터 분석 서비스를 제공하는 '데이터 대시보드' 개발 협력 계약을 체결했다.콘텐츠 프로토콜은 주식회사 왓챠에서 진행하는 신사업이다. 콘텐츠 공급자가 더 우수한 결과물을 내놓을 수 있도록 콘텐츠 평가 및 감상 데이터를 분석해 자료를 제공하는 서비스다.화제성 등 이미 콘텐츠 업계에서 활용하고 있는 자료가 있지만, 콘텐츠 프로토콜은 여기에서 더 나아간다. OTT 플랫폼 상에서의 시청자 감상 패턴과 취향까지 분석해 타깃 시청군을 설정하고 제작에 반영될 수 있도록 자세하게 데이터를 분석한다.이 서비스가 정교해질 경우 방송사는 채널 뿐 아니라 OTT플랫폼에서의 경쟁력 확보에도 큰 도움을 받을 수 있게 된다.JTBC는 이번 협력 계약을 통해 콘텐츠 프로토콜 측으로부터 자체 콘텐츠에 대한 OTT 플랫폼 시청 동향 데이터 분석 서비스를 제공받게 됐다.윤희웅 JTBC편성팀장은 ""채널과 채널 간의 경쟁 뿐 아니라 OTT를 비롯해 타 플랫폼에서의 콘텐츠 간 경쟁 역시 날로 치열해지고 있다""라며 ""콘텐츠 프로토콜에서 제공하는 데이터가 JTBC의 콘텐츠 경쟁력 강화에 도움이 될 것으로 기대된다""라고 밝혔다.콘텐츠 프로토콜 박태훈 공동 대표는 ""데이터 분석을 기반으로 더 경쟁력 있는 콘텐츠 제작을 돕겠다는 콘텐츠 프로토콜의 목표에 한 걸음 더 나아가게 돼 기쁘다""고 포부를 밝혔다.<U+00A0>(JTBC 뉴스운영팀)
                "
"23","
                    방탄소년단이 가수 브랜드평판 2019년 2월 빅데이터 분석결과에서 1위에 올랐다.한국기업평판연구소는 2019년 1월 3일부터 2019년 2월 4일까지의 가수 브랜드 빅데이터 122,744,263개를 분석하여 소비자들의 브랜드 참여, 미디어, 소통, 커뮤니티 분석을 하였다.지난 12월 가수 브랜드 빅데이터138,932,416개보다 11.65% 줄어들었다. 가수 브랜드평판지수는 소비자들에게 사랑받는 음원을 선보이고 있는 가수 브랜드 빅데이터를 추출하고 소비자 행동분석을 하여 참여가치, 소통가치, 미디어가치, 커뮤니티가치로 분류하고 긍부정비율 분석과 평판분석 알고리즘을 통해 분석된 지표이다. 브랜드 평판분석을 통해 브랜드에 대해 누가, 어디서, 어떻게, 얼마나, 왜, 이야기하는지를 알아낼 수 있다.2019년 2월 가수 브랜드평판 30위 순위는 방탄소년단, 블랙핑크, 벤, 여자친구, 제니, 트와이스, 청하, 워너원, 세븐틴, 아이즈원, 엑소, 아이유, 우디, 에이핑크, 비투비, 노을, 위너, 마마무, 아이콘, 시아, 선미, 하성운, 임창정,하은, 펀치, 폴킴, 볼빨간사춘기, 송민호, 이소라, 엠씨더맥스 순으로 분석되었다.1위, 방탄소년단 ( RM, 슈가, 진, 제이홉, 지민, 뷔, 정국 ) 브랜드는 참여지수 2,968,812 미디어지수 4,904,725 소통지수 8,866,331 커뮤니티지수 3,548,834가 되면서 브랜드평판지수 20,288,702 로 분석되었다. 지난 12월 브랜드평판지수 19,903,080 보다 1.94% 상승했다.한국기업평판연구소 구창환 소장은 ""2019년 2월 가수 브랜드평판 분석결과, 방탄소년단 브랜드가 1위를 기록했다. 가수 브랜드 카테고리를 분석해보니 지난 12월 가수 브랜드 빅데이터 138,932,416개보다 11.65% 줄어들었다. 방탄소년단은 빌보드 챠트에 2018년 9월, 1위로 진입해 시작해 22주째 차트에 올라있다. 뿐만 아니라 빌보드 '소셜 50'에서 81주 연속 1위를 기록하고 있다""라고 평판 분석했다.이어 ""2019년 2월 가수 브랜드평판 1위 방탄소년단 브랜드는 키워드 분석에서는 '행복하다, 귀엽다, 멋있다' 가 높게 나타났고, 링크 분석은 '유튜브, 빌보드, 지민'이 높게 나타났다. 방탄소년단 브랜드에 대한 긍부정비율 분석은 긍정비율 85.77%로 분석되면서 7.16% 하락했다""라고 빅데이터분석하였다.2위, 블랙핑크 ( 지수, 제니, 로제, 리사 ) 브랜드는 참여지수 312,927 미디어지수 2,717,515 소통지수 2,905,438 커뮤니티지수 2,958,951가 되면서 브랜드평판지수 8,894,832 로 분석되었다. 지난 12월 브랜드평판지수8,722,222보다 1.98% 상승했다.3위, 벤 브랜드는 참여지수 799,413 미디어지수 4,813,492 소통지수 4,043,507 커뮤니티지수 1,238,786가 되면서 브랜드평판지수 10,895,198 로 분석되었다. 지난 12월 브랜드평판지수 7,716,213보다 41.20% 상승했다.4위, 여자친구 ( 소원, 예린, 은하, 유주, 신비, 엄지 ) 브랜드는 참여지수 729,389 미디어지수 3,029,377 소통지수1,901,160 커뮤니티지수 1,248,453가 되면서 브랜드평판지수 6,908,379로 분석되었다. 지난 12월 브랜드평판지수 3,862,783보다 78.84% 상승했다.5위, 제니 브랜드는 참여지수 448,667 미디어지수 1,651,737 소통지수 1,477,421 커뮤니티지수 1,969,768가 되면서 브랜드평판지수 5,547,593로 분석되었다. 지난 12월 브랜드평판지수 3,862,783보다 78.84% 상승했다.황지영기자 hwang.jeeyoung@jtbc.co.kr"
"24","
                    염정아 전성시대다. 배우 염정아가 JTBC 금토극 'SKY 캐슬' 인기를 타고 브랜드평판 1위에 이름을 올렸다. 20일 한국기업평판연구소에 따르면 드라마 배우 브랜드평판 1월 빅데이터 분석 결과 1위 염정아, 2위 현빈, 3위 송혜교 순으로 분석됐다. 지난해 12월 18부터 19일까지 방영된 드라마에 출연중인 배우 100명의 브랜드 빅데이터 2억6808만8087개를 분석해 소비자들의 브랜드 참여량, 미디어량, 소통량을 측정했다. 2018년 12월 배우 브랜드 빅데이터보다 6.38% 증가했다.브랜드 평판지수는 브랜드 빅데이터를 추출하고 소비자 행동을 평판 분석 알고리즘으로 분석해 참여가치, 소통가치, 미디어가치, 커뮤니티가치, 소셜가치로 분류하고 가중치를 두어 나온 지표다. 브랜드 빅데이터 분석은 브랜드에 대한 긍부정 평가, 미디어의 출처와 관심도, 소비자들의 관심과 소통량, 이슈에 대한 커뮤니티 확산, 콘텐츠에 대한 반응과 인기도를 측정할 수 있다.올해 1월 드라마 배우 브랜드평판 30위 순위는 염정아, 현빈, 송혜교, 박보검, 유이, 조보아, 박신혜, 왕석현, 장나라, 유승호, 오나라, 여진구, 김유정, 김서형, 윤세아, 이시영, 신성록, 김선아, 찬열, 최진혁, 정준호, 이태리, 양세종, 유연석, 전소민, 이설, 이세영, 고현정, 이태란, 김진우 순이었다.염정아 브랜드는 참여지수 137만2024 미디어지수 351만3112 소통지수 279만4528 커뮤니티지수 228만2605로 브랜드 평판 지수 996만2269로 분석됐다. 한국기업평판연구소 구창환 소장은 ""'SKY 캐슬'로 소비자들에게 관심을 모으는 염정아 브랜드가 1위로 분석됐다. 염정아 브랜드는 빅데이터 링크 분석에서 '연기 잘한다', '설득력 있다', '부럽다'가 높게 나왔고, 키워드 분석에서는 'SKY 캐슬', '정준호', '김서형'이 높게 나왔다. 긍부정비율분석에서는 긍정비율 63.89%로 분석됐다""고 밝혔다.황소영 기자 hwang.soyoung@jtbc.co.kr"
"25","
                    대한항공이 국내 대기업 및 전 세계 대형 항공사로는 최초로 전사 시스템을 클라우드로 전환한다.대한항공은 6일 서울 공항동 대한항공 본사에서 LG CNS 및 아마존웹서비스(AWS)와 업무 체결식을 개최했다. 이날 행사에는 조원태 대한항공 대표이사, 김영섭 LG CNS 대표이사, 장정욱 AWS 코리아 대표이사 등이 참석했다.전 세계 메이저 항공사 중 전체 시스템의 클라우드 전환은 대한항공이 최초 사례로 알려진다. 대한항공 전체 시스템 중 극히 제한적인 분야를 제외하고 전면 클라우드로 전환한다. LG CNS 관계자는 “콴타스 항공, 케세이퍼시픽 등 대형 항공사들 중 클라우드를 일부 도입한 사례는 있지만 전세계 메이저 항공사 중 클라우드 전면 도입은 대한항공이 최초”라고 설명했다. 이날 행사에서 조원태 대한항공 사장은 “더욱 치열해지는 항공산업 경쟁 속에서 변화를 선도하고 고객 서비스 품질을 더욱 높이기 위해 클라우드 전면 전환을 선택하게 됐다”며 “향후 클라우드를 활용해 더욱 신속하고 효율적인 맞춤형 서비스를 제공할 것”이라고 말했다.LG CNS는 클라우드 구축·운영 역량을 갖고 있으며, 높은 수준의 안정성을 갖춘 데이터센터와 재해복구센터를 운영하고 있다. AWS는 전 세계 수백만의 고객에게 다양한 클라우드 서비스를 제공하고 있는 가장 널리 보급된 클라우드 플랫폼으로, 빅데이터, 인공지능(AI) 등 뛰어난 기술력을 보유하고 있다.이번 협약에 따라 대한항공은 서울 방화동 데이터 센터에서 운영되는 홈페이지, 화물, 운항, 전사적자원관리(ERP), 내부 회계통제 시스템 등 모든 어플리케이션 및 데이터를 이달부터 약 3년에 걸쳐 AWS 클라우드로 이전한다. 10년간 운영 비용을 포함해 약 2000억원 규모다.대한항공은 클라우드 전환에 따라 AI, 머신러닝, 빅데이터 분석, 사물인터넷(IoT), 데이터베이스 등의 기술을 항공 산업에 접목해 전 세계 고객을 대상으로 개인 성향을 기반으로 세분화된 맞춤형 서비스를 할 수 있게 된다.가령, 지속적으로 변화되는 고객의 취향을 빅데이터 기술로 승객의 여정 정보 등을 분석, 고객에게 최적화된 항공 상품을 빠르게 제안할 수 있으며, 고객의 미래 행동을 예측해 상품을 기획할 수 있게 된다. 또한 고객은 음성만으로 항공 스케줄 조회, 예약 정보 확인 등 다양한 정보 검색이 가능해진다.항공 업무적인 측면에서는 운항, 정비 등 각 부문에서 생산되는 방대한 센서 데이터를 빅데이터로 분석해 항로 최적화, 연료 절감, 사전 예측 정비 등의 효과를 볼 수 있으며, 각종 시스템 로그 정보를 AI 기술로 분석해 항공 안전성을 더욱 높일 수 있다.IT운영 측면에서도 효율성이 높아진다. 클라우드는 접속자가 갑자기 늘어나더라도 서버 자원이 자동으로 확장되어 안정적으로 서비스를 제공할 수 있다. 또한 국내에 지역적으로 분리된 두 곳에 데이터센터 시설을 두는 동시에 국내 재난 상황에도 중단 없는 글로벌 서비스가 가능하도록 미국에 재해복구센터를 구축하는 등 3중 재해복구 체계를 마련했다.대한항공은 클라우드 이전을 기반으로 디지털 변혁 시대에 혁신을 가속화하는 동시에 전세계 고객들에게 편의와 감동을 선사하는 미래형 신개념 서비스를 지속적으로 개발해 나갈 계획이다.서지영 기자 seo.jiyeong@jtbc.co.kr"
"26","
                    롯데멤버스(대표이사 강승하)가 빅데이터 분석 전문가 육성을 위한 산학협력 프로그램을 마련하고, 선정된 통계학 전공 대학생들을 대상으로 오는 11월부터 현장 실습을 진행한다고 30일 밝혔다.‘2018 L.POINT DATA SCIENTIST’는 산업의 이해도와 데이터 전문성을 갖춘 인재를 양성하기 위한 산학협력 프로그램이다. 롯데멤버스는 다양한 빅데이터 활용 실습을 통해 현장에 필요한 유능한 데이터 전문가를 육성하고 양질의 산학협력 생태계를 구축하고자 이번 프로그램을 기획했다.롯데멤버스는 통계학 전공 대학생 10여명을 선발하여 오는 11월부터 데이터 분석 실무를 경험할 수 있는 기회를 제공하고, 향후 더 많은 예비 데이터 전문가를 대상으로 범위를 확대할 예정이다.실습에 참여하는 학생들은 롯데멤버스가 보유한 다양한 빅데이터를 기반으로 유통<U+2022>금융<U+2022>관광 제휴사 대상 분석 프로젝트와 서비스를 경험하게 된다. 또한 프로모션 최적화를 위한 타킷 데이터 추출 및 상품 분석 컨설팅 지원 등 데이터 분석 직무 관련한 다양한 서비스를 실전에서 배울 수 있다.롯데멤버스는 이 과정에서 담당 멘토링제를 운영해 참여 학생들과 실무진들이 정기적으로 교류 할 수 있는 환경을 마련했다. 이를 통해 학생들이 직무를 보다 깊게 이해하고 산업에 대한 구체적인 인사이트를 갖출 수 있도록 지원할 계획이다.롯데멤버스 컨설팅부문장 김태홍 상무는 “이번 산학협력 프로그램은 L.POINT 데이터 활용 실습을 통해 현장에서 필요한 유능한 빅데이터 인재를 육성하기 위해 마련됐다. 또한 최신 분석 방법론을 실무에 도입하고 검증해보는 기회를 통해 비즈니스 경쟁력을 확보하고자 한다”라며 “향후 다양한 대학과 학계와의 교류를 더욱 확대해 양질의 산학협력 생태계를 구축하고 현장 중심형 인재를 육성하는 데 앞장설 것”이라고 전했다. 이승한기자"
"27","
                    롯데멤버스가 10월 22일부터 11월 30일까지 전국 대학생·대학원생 및 취준생 등을 대상으로 ‘제5회 L.POINT Big Data Competition’을 개최한다고 밝혔다.‘L.POINT Big Data Competition(이하 엘포인트 빅데이터 컴피티션)’은 통합멤버십 서비스 L.POINT(이하 엘포인트)에서 제공하는 실제 데이터를 바탕으로 빅데이터를 분석하고 주제에 맞는 콘텐츠를 개발하는 국내 대표 빅데이터 공모전이다. 이번 대회는 고객들의 온라인 행동을 기반으로 트렌드를 예측하는 ‘Digital Trend Analyzer’를 주제로 진행된다.‘엘포인트 빅데이터 컴피티션’은 엘포인트 회원 중 고졸 이상(고졸, 국내외 대학 및 대학원 재학(휴학)생, 졸업 2년 이내 일반인)인 경우 누구나 참여할 수 있으며, 모든 구성원이 자격을 갖춘 공동 연구팀(3인 이내)으로도 접수 가능하다.특히 올해는 참가 희망자들을 위한 설명회를 진행한다. ‘제5회 엘포인트 빅데이터 컴피티션 설명회’는 오는 11월 19일 대한상공회의소 국제회의장(서울)에서 개최되며, 회사와 공모전 소개 및 분석 데이터 설명을 통해 참가자들의 이해도를 높일 예정이다.공모전 참가를 희망하는 신청자들은 홈페이지(https://competition.lpoint.com)를 통해 11월 30일까지 접수하면 된다. 접수가 완료되면 분석 데이터를 다운로드 받은 후 공모전 주제에 부합하는 분석 결과물을 19년 1월 16일까지 제출해야 한다.▲논리 전개의 타당성 ▲분석 기법의 적정성 ▲제안 서비스의 창의성 ▲변수 선택의 다양성 ▲외부 데이터 활용 여부 ▲시각화 등을 기준으로 내부 심사를 거쳐 본선 진출자를 선별한다. 이어 본선 PT 심사를 진행한 뒤 최종 수상자를 선정<U+2022>발표할 예정이다.최종 수상자에게는 대상 300만 원(1팀), 최우수상 200만 원(2팀), 우수상 100만 원(3팀)의 상금이 주어지며, 19년도 롯데그룹 주관 채용시 서류전형 면제 혜택이 특전으로 제공된다. 특히 최종 본선 진출팀 모두에게 입상과 동시에 소정의 L.POINT를 지급한다.이승한기자"
"28","
                    주 52시간 근무제 시행 이후 직장인들의 출근 시간이 늦어지고 퇴근 시간이 빨라진 것으로 나타났다. 또 직장인들이 퇴근 후 회사 근처가 아니라 집 근처로 이동해 저녁시간을 보내는 모습을 보였다.  KT와 BC카드가 ‘주52시간 근무제’ 시행 3개월을 맞아 주 52시간 근무제로 변화된 사람들의 생활 패턴을 빅데이터로 분석한 결과를 2일 발표했다.주52시간 근무제는 주당 법정 근로시간을 이전 68시간에서 52시간으로 단축한 근로 제도다. 관련 법규인 근로기준법 개정안이 2월 국회를 통과해 7월부터 종업원 300인 이상의 사업장과 공공기관을 대상으로 시행되고 있다.KT가 분석한 유동인구 빅데이터에 따르면 주 52시간 근무제 도입 후 8월 1일부터 9월 16일까지 서울 종로구 광화문 일대의 직장인 일 평균 근무시간(체류시간)은 작년 동기간 대비 평균 55분 감소했다. 광화문 일대는 다수의 대기업과 공공기관이 위치해 있다.KT 유동인구 빅데이터는 휴대폰과 기지국이 주기적으로 교환하는 신호정보를 바탕으로 분석됐다. 직장인은 오전 9시부터 오후 6시까지 한 달에 10일 이상 동일 기지국에 4시간 이상 규칙적으로 연결된 휴대폰 이용자를 의미한다. IT, 게임 업계 기업에 근무하는 직장인이 많이 상주하는 성남시 판교의 경우에는 직장인 일 평균 근무시간이 작년 동기간 대비 평균 11.6분 감소했으며, 주 52시간 근무제 유예 대상인 금융 업계 대기업이 많은 여의도는 직장인 일 평균 근무시간이 6분 줄었다.반면에 300인 이하의 중소기업과 벤처기업이 많이 위치해 있는 가산디지털단지는 직장인 일 평균 근무시간이 오히려 5분가량 증가했다.KT 유동인구 빅데이터 분석 결과는 주 52시간 근무제가 직장인 출퇴근 시간에도 많은 영향을 미쳤다고 볼 수 있다.2017년 8월 1일부터 9월 16일까지 광화문 일대에서 근무하는 직장인들은 오전 7시 30분에서 8시 사이에 해당 지역의 전체 직장인 중 26%가 출근했으나, 올해는 같은 시간 동안 전체 직장인 중 15%만 출근하는 것으로 나타났다.오전 8시 30분부터 9시 사이에 출근하는 직장인은 2017년 21%에서 2018년 38%로 늘어나 주 52시간 근무제의 영향으로 많은 직장인들의 출근 시간이 30분 가량 늦춰진 것으로 볼 수 있다.또 광화문, 판교, 여의도 모두 저녁 6시에서 저녁 7시 사이에 퇴근하는 직장인 비율도 최대 31.4%으로 작년 동기간 대비 약 7% 증가했다. 가산디지털 단지는 작년 동기간 비교 시 유사한 패턴을 보였다.여의도는 금융 업계 특성상 8시 전에 전체 직장인 중 90%가 출근하는 패턴은 작년과 동일하나 다른 지역과 비교해 30분가량 빨리 퇴근하는 행태를 보였다. 이는 유예 대상 기업도 주 52시간 근무제를 탄력적으로 시행하고 있는 것으로 관측된다.BC카드의 8월 19일부터 9월 15일까지 가맹점 매출 빅데이터 분석 결과에 따르면 서울시 여가 활동 관련 업종의 매출이 전년 동기간 대비 평균 9.2% 증가됐다. 증가된 여가 활동 매출 규모는 BC카드 기준 약 16억원에 달한다.빅데이터 분석에 활용된 여가활동 관련 업종은 서점, 골프연습장, 볼링장, 테니스장, 수영장, 헬스클럽, 영화관, 티켓, 기타 문화 취미 등이다. 서울시 전체에서 가장 많은 여가 활동 매출의 증가 폭을 보인 지역은 동작구로 작년 대비 여가 활동 매출이 70.3% 증가했으며 이어 강서구가 66.3%, 동대문구가 42..7% 증가했다. 이와는 다르게 많은 직장인들이 근무하는 종로구, 금천구의 경우에는 오히려 여가 활동 매출이 작년 대비 각각 7.7%, 6.7% 감소했다.또 광화문과 판교의 점심시간 음식, 주류 관련 업종의 매출은 작년 대비 소폭 감소하거나 증가하는 추세를 보였으나, 해당 지역의 저녁 6시 이후 음식, 주류 관련 업종의 매출은 최소 10.3%에서 최대 14.7%까지 감소하는 것으로 나타났다.여의도와 가산디지털단지의 음식, 주류 관련 업종의 매출은 작년과 유사하거나 다소 증가된 규모를 유지했다.KT는 주 52시간 근무제가 시작된 7월 1일부터 9월 16일까지 인스타그램, 트위터 등 주요 SNS에서 언급되는 키워드 빅데이터 분석 결과 ‘여가’, ‘퇴근’, ‘육아’ 등 업무 시간 외 활동과 관련된 단어들이 언급량 순위 상위에 랭크됐다고 밝혔다.특히 일과 삶의 균형이라는 뜻으로 ‘Work and Life Balance’의 준말인 ‘워라밸’의 언급량은 2152회에서 2만1663회로 작년 동기간 대비 10배나 증가했다.KT 빅데이터사업지원단장 윤혜정 상무는 “직장인들의 일 평균 근무시간이 감소하고, 출·퇴근 시간이 9to6에 맞춰져 가는 등 삶의 질이 높아지는 생활 패턴의 변화가 빅데이터로 나타났다”고 말했다. 권오용 기자 kwon.ohyong@jtbc.co.kr
                "
"29","
                    2018년 9월 빅데이터 분석결과 1위 방탄소년단 2위 워너원 3위 뉴이스트W 순으로 분석되었다.한국기업평판연구소는 2018년 8월 8일부터 2018년 9월 9일까지 측정한 보이그룹 브랜드 빅데이터 110,532,263개를 소비자 행동분석을 통해 보이그룹 브랜드에 대한 참여지수, 미디어지수, 소통지수, 커뮤니티지수를 측정하였다. 지난 8월 브랜드 빅데이터 88,496,475개 와 비교해보면 24.90% 증가했다.2018년 9월 보이그룹 브랜드평판 30위 순위는 방탄소년단, 워너원, 뉴이스트W, 세븐틴, 엑소, NCT, 더보이즈, 비투비, 인피니트, 빅뱅, 스트레이 키즈, 샤이니, 몬스타엑스, 슈퍼주니어, MXM, 빅스, 펜타곤, 위너, 아이콘, 아스트로, 신화, 동방신기, 비스트, JBJ, 젝스키스, SF9, 하이라이트, 골든차일드, 2PM, BAP 순으로 분석되었다.1위, 방탄소년단 ( RM, 슈가, 진, 제이홉, 지민, 뷔, 정국 ) 브랜드는 참여지수 5,654,088 미디어지수 5,532,416 소통지수 6,058,023 커뮤니티지수 7,845,724가 되면서 브랜드평판지수 25,090,251로 분석되었다. 지난 8월 브랜드평판지수 14,611,602와 비교하면 71.71% 상승했다.한국기업평판연구소 구창환 소장은 ""보이그룹 브랜드평판 2018년 8월 빅데이터 분석 1위를 기록한 방탄소년단 브랜드는 링크 분석에서는 '놀랍다, 좋다, 고맙다'가 높게 분석되었다. 키워드 분석에서는 '빌보드, idol, 콘서트'가 높게 분석되었다. 긍부정비율 분석에서는 긍정비율 93.44%로 분석되었다. 방탄소년단 세부분석을 보면 브랜드소비 67.86% 상승, 브랜드이슈 96.41% 상승, 브랜드소통 58.31% 상승, 브랜드 확산 70.57% 상승했다""라고 브랜드 빅데이터 분석했다.2위, 워너원 ( 강다니엘, 박지훈, 이대휘, 김재환, 옹성우, 박우진, 라이관린, 윤지성, 황민현, 배진영, 하성운 ) 브랜드는 참여지수 820,336 미디어지수 4,291,840 소통지수 3,010,383 커뮤니티지수 4,935,609가 되면서 브랜드평판지수 13,058,168로 분석되었다. 지난 8월 브랜드평판지수 12,602,046와 비교하면 3.62% 상승했다.3위, 뉴이스트W ( JR, Aron, 백호, 렌 ) 브랜드는 참여지수 132,440 미디어지수 1,764,352 소통지수 254,925 커뮤니티지수 2,824,704가 되면서 브랜드평판지수 4,976,422로 분석되었다. 지난 8월 브랜드평판지수 2,052,405와 비교하면 142.47% 상승했다.4위, 세븐틴 ( 에스쿱스, 정한, 조슈아, 준, 호시, 원우, 우지, 디에잇, 민규, 도겸, 승관, 버논, 디노 ) 브랜드는 참여지수 411,048 미디어지수 1,066,752 소통지수 1,104,770 커뮤니티지수 2,008,074가 되면서 브랜드평판지수4,590,644로 분석되었다. 지난 8월 브랜드평판지수 5,052,401와 비교하면 9.14% 하락했다.5위, 엑소 ( 수호, 찬열, 카이, 디오, 백현, 세훈, 시우민, 레이, 첸, 타오, 루한, 크리스 ) 브랜드는 참여지수 372,680 미디어지수 1,376,000 소통지수 1,431,482 커뮤니티지수 1,180,842가 되면서 브랜드평판지수 4,361,004로 분석되었다. 지난 8월 브랜드평판지수 4,185,921와 비교하면 4.18% 상승했다.한국기업평판연구소는 국내 브랜드의 평판지수를 매달 측정하여 브랜드 평판지수의 변화량을 발표하고 있다. 브랜드평판지수는 소비자들의 온라인 습관이 브랜드 소비에 큰 영향을 끼친다는 것을 찾아내서, 브랜드 빅데이터 분석을 통해서 만들어진 지표이다. 보이그룹 브랜드 평판지수는 보이그룹에 대한 긍부정 평가, 미디어 관심도, 소비자들의 관심과 소통량을 측정할 수 있다. 이번 보이그룹 브랜드 평판지수는 2018년 8월 8일부터 2018년 9월 9일까지 브랜드 빅데이터 분석 결과이다.황지영기자 hwang.jeeyoung@jtbc.co.kr"
"30","
                    롯데멤버스가 AI 어플리케이션 그룹 마이셀럽스와 업무제휴 협약을 체결하고, 음성 기반의 AI 큐레이션 서비스를 오픈한다고 16일 밝혔다.이로써 L.POINT(이하 엘포인트) 회원들은 음성 검색 서비스를 제공하는 ‘말해’ APP과 라이프스타일 포털 ‘익사이팅 L’을 통해 개인 취향별 맞춤형 콘텐츠를 추천 받을 수 있게 됐다.지난 14일 서울시 중구 통일로에 위치한 롯데멤버스 본사에서 진행된 ‘인공지능 및 빅데이터를 활용한 신개념 라이프스타일 콘텐츠 제공’ 업무협약식에는 롯데멤버스 강승하 대표와 마이셀럽스 신지현 대표 등 양사 주요 관계자들이 참석했다.마이셀럽스는 이미 자체 AI 솔루션인 ‘빅데이터 스튜디오’를 통해, 업계 선두 기업과의 AI Transformation 제휴를 이끌며 인공지능 어플리케이션 전문 기업으로 성장하고 있는 스타트업이다.롯데멤버스는 본 협약을 기반으로 인공지능 및 빅데이터 기반 검색 기술을 통해 회원들에게 취향과 상황에 따라 맞춤형서비스를 제공할 예정이다. 특히 마이셀럽스의 ‘말해’ APP 내에서 롯데 유통사의 요리, 간편식, 와인, 영화 등 다양한 콘텐츠를 음성으로 검색할 수 있는 서비스를 오픈했으며 콘텐츠 소비에서 구매까지 한 번에 해결되는 원스톱 체계를 구축했다.새로 개편된 서비스에서는 단순히 카테고리로 분류된 정보를 제공하는 기존 검색 방식의 한계를 개선하고, 실제 대중의 감정, 생각, 선호도 등을 분석한 ‘키토크’를 적용해 보다 다양한 선택지를 제시하고 추천해준다.예를 들어, ‘밥하기 귀찮은데 간단히 먹을 거 없을까?’라고 물으면 빅데이터 분석을 통해 다양한 간편식을 추천해준다. 원하는 음식을 선택하면 식재료를 구입할 수 있는 롯데마트 온라인 몰로 바로 이동할 수 있으며, 구매 시 스마트픽 서비스로 매장에서 물건을 픽업할 수 있다. 또한 가까운 오프라인 마트 주소 역시 확인 가능하다.더불어 롯데멤버스는 마이셀럽스와의 협업을 통해 업계 최초 인공지능 기반 라이프스타일 포털 ‘익사이팅 L’을 선보였다. 엘포인트 모바일 APP에서 이용할 수 있는 ‘익사이팅 L’은 요리, 와인, 맥주, 영화, 방송, 웹툰 등 총 6개의 카테고리에서 빅데이터를 기반으로 취향과 상황에 맞는 콘텐츠를 추천 받아 이용할 수 있는 새로운 라이프 스타일 경험을 제공한다.  롯데멤버스 마케팅부문장 신병휘 상무는 ""이번 협약으로 엘포인트 회원들이 인공지능<U+2022>음성기반 취향 검색 서비스를 활용해 개인에게 최적화된 놀거리, 먹거리, 볼거리를 보다 편리하게 즐기게 됐다”라며 “향후 시네마, 숙박 등 신규 카테고리를 지속적으로 발굴해 새로운 큐레이션 서비스를 제공할 계획이며 챗봇, 음성기반 플랫폼 등 다양한 채널과 자사 제휴 브랜드를 연계해 빅데이터 기반 라이프스타일 콘텐츠의 새로운 패러다임을 제시할 것”이라고 밝혔다. 이승한기자
                "
"31","
                    방탄소년단이 보이그룹 브랜드평판 7월 빅데이터 분석결과 1위에 올랐다.한국기업평판연구소는 15일 ""보이그룹 브랜드 빅데이터 71,814,452개를 소비자 행동분석을 통해 보이그룹 브랜드에 대한 참여지수, 미디어지수, 소통지수, 커뮤니티지수를 측정하였다""며 ""6월 13일부터 7월 14일까지 집계 결과 방탄소년단이 1위""라고 밝혔다.이번 자료는 지난 6월 브랜드 빅데이터 99,728,917개 와 비교해보면 27.99% 줄어들었다. 브랜드평판 지수는 소비자들의 온라인 습관이 브랜드 소비에 큰 영향을 끼친다는 것을 찾아내서 브랜드 빅데이터 분석을 통해서 만들어진 지표이다. 보이그룹 브랜드평판지수는 보이그룹에 대한 긍부정 평가, 미디어 관심도, 소비자들의 관심과 소통량을 측정할 수 있다.1위 방탄소년단 브랜드는 참여지수 1,733,312 미디어지수 3,416,320 소통지수 3,008,636 커뮤니티지수 4,157,549가 되면서 브랜드평판지수 12,315,816로 분석되었다. 지난 6월 브랜드평판지수 26,063,933 와 비교하면 52.75% 하락했다.2위 워너원 브랜드는 참여지수 934,648 미디어지수 2,919,168 소통지수 2,538,279 커뮤니티지수 4,183,950가 되면서 브랜드평판지수 10,576,045로 분석되었다. 지난 6월 브랜드평판지수 15,044,489와 비교하면 29.70% 하락했다.3위 샤이니 브랜드는 참여지수 525,712 미디어지수 2,225,920 소통지수 693,338 커뮤니티지수 1,112,267가 되면서 브랜드평판지수 4,557,237로 분석되었다. 지난 6월 브랜드평판지수4,854,761와 비교하면 6.13% 하락했다.한국기업평판연구소 구창환 소장은 ""방탄소년단 브랜드가 1위를 기록했다. 보이그룹 브랜드 카테고리는 지난 6월 브랜드 빅데이터 99,728,917개 와 비교해보면27.99% 줄어들었다. 세부 분석을 보면 브랜드소비 46.19% 하락, 브랜드이슈 18.47% 하락, 브랜드소통 12.19% 하락, 브랜드 확산 36.23% 하락했다. 보이그룹에 대한 브랜드 소비와 이슈가 줄어들면서 브랜드 소통과 확산도 하락한 것으로 분석되었다""라고 평판 분석했다.이어 ""보이그룹 브랜드평판 7월 빅데이터 분석 1위를 기록한 방탄소년단 브랜드는 링크 분석에서는 ""즐기다, 좋다, 행복하다""가 높게 분석되었다. 키워드 분석에서는 ""콘서트, 지민, 빌보드""가 높게 분석되었다. 긍부정비율 분석에서는 긍정비율 84.07%로 분석되었다""라고 브랜드 빅데이터 분석했다.7월 보이그룹 브랜드평판 30위 순위는 방탄소년단, 워너원, 샤이니, 엑소, 비투비, 뉴이스트W, 위너, 인피니트, 세븐틴, NCT, 슈퍼주니어, 유앤비, 빅스, 빅뱅, 골든차일드, 동방신기, 더보이즈, B1A4, 아스트로, JBJ,블락비, 몬스타엑스, 아이콘, 비스트, 하이라이트, 갓세븐, 펜타곤, 2PM, 젝스키스, 빅톤 순으로 분석되었다.황지영기자 hwang.jeeyoung@jtbc.co.kr"
"32","
                    걸그룹 브랜드평판 2018년 4월 빅데이터 분석결과 레드벨벳이 1위를 차지했다. 이어 마마무 모모랜드가 뒤를 이었다.한국기업평판연구소는 걸그룹 브랜드평판 빅데이터 분석을 위해 2018년 3월 5일부터 2018년 4월 6일까지 측정한 브랜드 빅데이터 88,438,696개를 분석하여 걸그룹 브랜드에 대한 참여지수, 미디어지수, 소통지수, 커뮤니티지수로 브랜드평판지수를 측정하였다. 지난 3월 걸그룹 브랜드 빅데이터 77,029,078개와 비교하면 14.81% 증가했다.1위위, 레드벨벳 ( 웬디, 아이린, 슬기, 조이, 예리 ) 브랜드는 참여지수 1,410,608 미디어지수 3,783,904 소통지수 2,000,897 커뮤니티지수 2,198,855가 되면서 브랜드평판지수 9,394,264로 분석되었다. 지난 3월 브랜드평판지수 6,751,331와 비교해보면 39.15% 상승했다.2위, 마마무 ( 솔라, 문별, 휘인, 화사 ) 브랜드는 참여지수 752,692 미디어지수 2,629,752 소통지수 1,688,411 커뮤니티지수 2,461,164가 되면서 브랜드평판지수 7,532,019로 분석되었다. 지난 3월 브랜드평판지수 5,039,036와 비교해보면 49.47 % 상승했다.3위, 모모랜드 ( 혜빈, 연우, 제인, 태하, 나윤, 데이지, 아인, 주이, 낸시 ) 브랜드는 참여지수 696,932 미디어지수 2,973,576 소통지수 493,606 커뮤니티지수 1,921,432가 되면서 브랜드평판지수 6,085,545로 분석되었다. 지난 3월 브랜드평판지수 4,962,524와 비교해보면 22.63% 상승했다.한국기업평판연구소 구창환 소장은 ""걸그룹 2018년 4월 브랜드평판 분석결과, 레드벨벳 브랜드가 1위를 기록했다. 걸그룹 브랜드 카테고리를 보면 지난 3월 걸그룹 브랜드 빅데이터 77,029,078개와 비교하면 14.81% 증가했다. 세부 분석을 보면 브랜드 소비 12.19% 상승, 브랜드 이슈 54.64% 상승, 브랜드 소통 11.96% 하락, 브랜드 확산 2.83% 상승했다.""라고 평판분석했다.이어 ""2018년 4월 걸그룹 브랜드평판 1위를 기록한 레드벨벳 브랜드에 대한 링크분석에서는 ""빨갛다, 논란되다, 욕먹다'가 높게 나왔고, 키워드 분석에서는 '아이린, 북한, 조이'가 높게 나왔다. 레드벨벳 브랜드에 대한 긍부정비율 분석에서는 긍정비율 50.21%로 분석되었다.""라고 브랜드 빅데이터 분석했다.이미현 기자
                "
"33","
                    워너원이 보이그룹 브랜드평판 2018년 3월 빅데이터 분석결과, 1위를 차지했다. 그 뒤를 방탄소년단과 아이콘이 이었다. 3위 아이콘 으로 분석되었다.한국기업평판연구소는 11일, 2월 9일부터 2018년 3월 10일까지 측정한 보이그룹 브랜드 빅데이터를 발표했다. 2018년 3월 보이그룹 브랜드평판 30위 순위는 워너원, 방탄소년단, 아이콘, 엑소, 세븐틴, 빅뱅, NCT, 비투비, 인피니트, 샤이니, 위너, 젝스키스, JBJ, 갓세븐, 슈퍼주니어, SF9, 빅스, 뉴이스트W, 아스트로, 2PM, 하이라이트, 골든차일드, 신화, 비스트 , B1A4, 레인즈, 더보이즈, VAV, 동방신기, 몬스타엑스 로 분석되었다.1위, 워너원 브랜드는 참여지수 1,859,968 미디어지수 2,639,872 소통지수 3,387,005 커뮤니티지수 3,755,667가 되면서 브랜드평판지수 11,642,511로 분석되었다. 지난 2월 브랜드평판지수 14,886,529 와 비교하면 21.79% 하락했다.2위, 방탄소년단 브랜드는 참여지수 3,456,288 미디어지수 1,692,672 소통지수 2,929,859 커뮤니티지수 2,911,253가 되면서 브랜드평판지수 10,990,072 로 분석되었다. 지난 2월 브랜드평판지수 16,839,776와 비교하면 43.45% 하락했다.3위, 아이콘 브랜드는 참여지수 801,768 미디어지수 2,654,976 소통지수 1,574,197 커뮤니티지수 2,086,495가 되면서 브랜드평판지수 7,117,436로 분석되었다. 지난 2월 브랜드평판지수 154,624와 비교하면 15.68% 하락했다.한국기업평판연구소 구창환 소장은 ""보이그룹 브랜드평판 2018년 3월 빅데이터 분석결과, 워너원 브랜드가 1위를 기록했다. 보이그룹 브랜드 카테고리는 지난 2월 브랜드 빅데이터 123,332,307개 와 비교해보면 33.55% 줄어들었다. 세부 분석을 보면 브랜드소비 9.41% 하락, 브랜드이슈 38.80% 하락, 브랜드소통 27.73% 하락, 브랜드 확산 42.07% 하락했다. 보이그룹에 대한 소비와 이슈가 줄어들면서 소통과 확산도 하락한 가운데 '약속해요'로 컴백한 워너원이 1위가 되었다""라고 평판 분석했다.이어 ""보이그룹 브랜드평판 2018년 3월 빅데이터 분석 1위를 기록한 워너원 브랜드는 링크 분석에서는 ""좋다, 축하하다, 행복하다""가 높게 분석되었다. 키워드 분석에서는 ""약속해요, 강다니엘, 컴백""이 높게 분석되었다. 긍부정비율 분석에서는 긍정비율 87.12%로 분석되었다 ""라고 브랜드 빅데이터 분석했다.이미현 기자
                "
"34","
                    그룹 워너원이 아이돌그룹 100대 브랜드 2018년 3월 빅데이터 분석결과 1위를 차지했다. 2위는 방탄소년단 3위는 엑소 순으로 분석됐다.한국기업평판연구소는 아이돌그룹 브랜드평판 빅데이터 분석을 위해 2018년 1월 27일부터 2018년 2월 28일까지 100대 아이돌그룹 브랜드 빅데이터 157,290,415개를 추출하여 아이돌그룹 100대 브랜드에 대한 소비자들의 참여지수, 미디어지수, 소통지수, 커뮤니티지수로 측정하여 브랜드평판지수를 분석하였다. 지난 12월 100대 아이돌그룹 브랜드 빅데이터 136,570,134개와 비교하면 15.17% 증가했다.1위, 워너원 ( 강다니엘, 박지훈, 이대휘, 김재환, 옹성우, 박우진, 라이관린, 윤지성, 황민현, 배진영, 하성운 ) 브랜드는 참여지수 1,639,704 미디어지수 1,842,866 소통지수 5,655,539 커뮤니티지수 5,419,756가 되면서 브랜드평판지수 14,557,865로 분석되었다. 지난 12월 워너원 브랜드평판지수 14,807,585와 비교하면 1.69% 하락했다.2위, 방탄소년단 ( 랩몬스터, 슈가, 진, 제이홉, 지민, 뷔, 정국 ) 브랜드는 참여지수 3,601,752 미디어지수 965,744 소통지수 4,421,774 커뮤니티지수 4,401,342가 되면서 브랜드평판지수 13,390,612로 분석되었다. 지난 12월 방탄소년단 브랜드평판지수 15,564,047와 비교하면 13.96% 하락했다.3위, 엑소 ( 수호, 찬열, 카이, 디오, 백현, 세훈, 시우민, 레이, 첸, 타오, 루한, 크리스 ) 브랜드는 참여지수 1,639,704 미디어지수 1,197,276 소통지수 3,887,808 커뮤니티지수 2,695,076가 되면서 브랜드평판지수 9,419,865로 분석되었다. 지난 12월 엑소 브랜드평판지수 7,082,810와 비교하면 33.00% 상승했다.한국기업평판연구소 구창환 소장은 ""2018년 3월 아이돌그룹 100대 브랜드 평판 순위에서 워너원 브랜드가 1위를 기록했다. 지난 12월 아이돌그룹 100대 브랜드 빅데이터 136,570,134개와 비교하면 15.17% 증가한 가운데, 브랜드소비 5.42% 하락, 브랜드이슈 9.49 % 하락, 브랜드소통 6.07% 상승, 브랜드확산 56.02% 상승한 것으로 나타났다. 아이돌그룹에 대한 긍부정 비율 분석은 긍정비율 75.81%로 지난 12월보다 28.18% 상승했다.""라고 밝혔다.2018년 3월 아이돌그룹 100대 브랜드평판 30위 순위는 워너원, 방탄소년단, 엑소, 레드벨벳, 트와이스, 세븐틴, 모모랜드, 빅뱅, 블랙핑크, 소녀시대, 우주소녀, 오마이걸, 비투비, 인피니트, 샤이니, 에이핑크, JBJ, 러블리즈, 젝스키스, NCT, 위키미키, 위너, 슈퍼주니어, 여자친구, 마마무, 갓세븐, 뉴이스트W, 빅스, 에이프릴, 아스트로 순으로 분석되었다.한국기업평판연구소 ( http://www.rekorea.net 소장 구창환 ) 는 국내 브랜드의 빅데이터 평판분석을 통해 브랜드 평판지수를 측정하여 발표하고 있다. 아이돌그룹 100대 브랜드 2018년 3월 빅데이터 분석은 2018년 1월 27일부터 2018년 2월 28일까지 브랜드 빅데이터 평판분석을 통해서 이루어졌다.이미현 기자
                "
"35","
                    영화배우 브랜드평판 2018년 2월 빅데이터 분석결과, 1위 김태리 2위 강동원 3위 공유 순으로 분석되었다.한국기업평판연구소는 2017년 1월 22일부터 2018년 2월 23일까지 대한민국 소비자들이 사랑하는 영화배우 50명의 브랜드 빅데이터 131,389,639개를 분석하여 소비자들의 브랜드 참여지표, 미디어지표, 소통지표, 커뮤니티지표를 측정하였다. 지난 1월 영화배우 브랜드 빅데이터 251,355,388개와 비교해보면 47.73% 줄어들었다.브랜드 평판지수는 브랜드 빅데이터를 추출하고 소비자 행동분석을 하여 참여가치, 소통가치, 미디어가치, 커뮤니티가치, 소셜가치로 분류하고 긍부정비율 가중치를 두어 나온 지표이다. 영화배우 브랜드평판지수에서는 참여지수, 미디어지수, 소통지수, 커뮤니티지수로 소비자들의 브랜드 소비패턴을 분석하였다.2018년 2월 영화배우 브랜드평판 30위 순위는 김태리, 강동원, 공유, 박서준, 이병헌, 김명민, 류준열, 정우, 하정우, 손예진, 김수현, 전지현, 류승룡, 윤여정, 김옥빈, 이종석, 소지섭, 장혁, 송중기, 김동욱, 한효주, 한지민, 이정현, 송승헌, 김상경, 우현, 차승원, 김성균, 김의성, 이경영 순이었다.1위, 김태리 브랜드는 참여지수 2,269,133 미디어지수 2,448,327 소통지수 1,154,996 커뮤니티지수 1,866,084가 되면서 브랜드평판지수 7,738,540로 분석되었다. 지난 1월 브랜드평판지수 8,713,102와 비교하면 11.19% 하락했다.2위, 강동원 브랜드는 참여지수 1,674,289 미디어지수 1,979,796 소통지수 1,993,781 커뮤니티지수 1,631,520가 되면서 브랜드평판지수 7,279,386로 분석되었다. 지난 1월 브랜드평판지수 10,147,528와 비교하면 28.26% 하락했다.3위, 공유 브랜드는 참여지수 839,490 미디어지수 1,243,200 소통지수 835,800 커뮤니티지수 3,938,700가 되면서 브랜드평판지수 6,857,190로 분석되었다. 지난 1월 브랜드평판지수 12,920,989와 비교하면 46.93% 하락했다.한국기업평판연구소 구창환 소장은 ""2018년 2월 영화배우 브랜드평판 분석결과, 영화배우 김태리 브랜드가 1위를 기록했다. 영화배우 브랜드 카테고리를 빅데이터 분석해보니 지난 1월 영화배우 브랜드 빅데이터 251,355,388개와 비교해보면 47.73% 줄어들었다. 세부 분석을 보면 브랜드소비 43.51% 하락, 브랜드이슈 14.24% 하락, 브랜드소통 20.94% 하락, 브랜드확산 74.86% 하락했다. 최근 영화 소비가 영화관 뿐만 아니라 IPTV, 디지털케이블TV, 온라인 및 모바일 VOD 서비스에서도 활발해지면서 영화배우 브랜드 소비도 다양해지는 패턴을 보여주고 있었다.""라고 평판 분석했다.이어 ""2018년 2월 영화배우 브랜드평판 1위를 기록한 김태리 브랜드는 링크분석에서는 ""귀엽다, 좋다, 예쁘다""가 높게 분석되었고, 키워드 분석에서는 ""리틀포레스트, 1987, 강동원""이 높게 분석되었다.""라고 브랜드 분석을 하였다.한국기업평판연구소 ( http://www.rekorea.net 소장 구창환 )는 브랜드 빅데이터를 분석하여 브랜드 평판의 변화량을 파악하고 있다. 이번 영화배우 브랜드평판조사는 2017년 1월 22일부터 2018년 2월 23일까지 김태리, 강동원, 공유, 박서준, 이병헌, 김명민, 류준열, 정우, 하정우, 손예진, 김수현, 전지현, 류승룡, 윤여정, 김옥빈, 이종석, 소지섭, 장혁, 송중기, 김동욱, 한효주, 한지민, 이정현, 송승헌, 김상경, 우현, 차승원, 김성균, 김의성, 이경영, 윤계상, 정우성, 차태현, 현빈, 고수, 김향기, 마동석, 이문식, 황정민, 조인성, 김태훈, 유해진, 나영희, 최귀화, 김희원, 유아인, 김혜수, 주지훈, 이선균, 이제훈 에 대한 브랜드 빅데이터 분석으로 이루어졌다.이미현 기자
                "
"36","
                    걸그룹 트와이스 레드벨벳이 브랜드평판 상위권을 굳힌 가운데 오마이걸이 새롭게 치고 올라왔다.12일 한국기업평판연구소는 걸그룹 브랜드평판 빅데이터 분석을 위해 2017년 12월 11일부터 2018년 1월 12일까지 측정한 브랜드 빅데이터 88,551,030개를 분석했다. 이는 걸그룹 브랜드에 대한 참여지수, 미디어지수, 소통지수, 커뮤니티지수로 브랜드평판지수를 측정하였다. 지난 12월 걸그룹 브랜드 빅데이터 59,743,092개와 비교하면 48.22% 증가했다.1위 트와이스(나연, 정연, 모모, 사나, 지효, 미나, 다현, 채영, 쯔위) 브랜드는 참여지수 1,644,512 미디어지수 4,716,864 소통지수 2,285,113 커뮤니티지수 4,414,266가 되면서 브랜드평판지수 13,060,755로 분석됐다. 지난 12월 브랜드평판지수 9,022,091와 비교해보면 44.76% 상승했다.2위 레드벨벳(웬디, 아이린, 슬기, 조이, 예리) 브랜드는 참여지수 1,003,068 미디어지수 2,807,144 소통지수 1,251,547 커뮤니티지수 2,956,584가 되면서 브랜드평판지수 8,018,343 로 분석됐다. 지난 12월 브랜드평판지수 8,987,227와 비교해보면 10.78% 하락했다.3위 오마이걸(효정, 미미, 유아, 승희, 지호, 비니, 아린) 브랜드는 참여지수 1,226,652 미디어지수 1,660,840 소통지수 345,454 커뮤니티지수 2,754,391가 되면서 브랜드평판지수 5,987,337로 분석되었다. 지난 12월 브랜드평판지수 575,702 와 비교해보면 940.01% 급등했다.4위 블랙핑크(지수, 제니, 로제, 리사) 브랜드는 참여지수 1,022,516 미디어지수 1,590,528 소통지수 725,371 커뮤니티지수 1,981,496가 되면서 브랜드평판지수 5,319,911 로 분석됐다. 지난 12월 브랜드평판지수 3,746,250와 비교해보면 42.01% 상승했다.5위 마마무(솔라, 문별, 휘인, 화사) 브랜드는 참여지수 591,804 미디어지수 1,462,848 소통지수 583,316 커뮤니티지수 2,546,996가 되면서 브랜드평판지수 5,184,964 로 분석되었다. 지난 12월 브랜드평판지수 1,982,930와 비교해보면 161.48% 상승한 결과다.한국기업평판연구소 구창환 소장은 “걸그룹 2018년 1월 브랜드평판 분석결과, 지난 12월 걸그룹 브랜드 빅데이터 59,743,092개와 비교하면 48.22% 증가했다. 세부적으로 보면 브랜드 소비는 30.56% 증가, 브랜드 소통은 4.56% 하락, 브랜드 확산은 212.05% 상승했다”고 밝혔다. 이어 “각종 미디어에서 시상식을 진행되면서 걸그룹 브랜드 소비가 늘었으나, 소비자들 간의 소통은 줄어들었다”고 설명했다.또한 “2018년 1월 걸그룹 브랜드평판 1위를 기록한 트와이스 브랜드에 대한 링크분석에서는 ‘감사하다, 웃다, 예쁘다’가 높게 나왔다. 키워드 분석에서는 ‘캔디 팝, 정연, 모모’가 높게 나왔다”며 “트와이스 브랜드에 대한 긍부정비율 분석에서는 긍정비율 54.11%로 분석되었다”라고 브랜드 빅데이터 분석했다.한국기업평판연구소는 국내 브랜드의 평판지수를 매달 측정하여 브랜드 평판지수의 변화량을 발표하고 있다. 이번 걸그룹 브랜드 평판지수는 2017년 12월 11일부터 2018년 1월 12일까지 브랜드 빅데이터 분석 결과다. 브랜드 평판지수는 소비자들의 온라인 습관이 브랜드 소비에 큰 영향을 끼친다는 것을 찾아내서 브랜드 빅데이터 분석을 통해서 만들어진 지표다. 브랜드 평판지수는 걸그룹에 대한 긍부정 평가, 미디어 관심도, 소비자들의 관심과 소통량을 측정할 수 있다.황지영기자 hwang.jeeyoung@jtbc.co.kr"
"37","
                    한국관광공사와 한국관광학회는 관광분야에서 그간 추진된 통신사, 카드사, 소셜 미디어 등 빅데이터 활용사례를 공유하고 향후 발전방향을 모색하는 ‘제 1회 관광 빅데이터 세미나’를 18일 오후 서울 KT스퀘어에서 개최한다.소비자들의 트렌드와 니즈를 바르게 읽어내고 그에 부합하는 매력적인 관광콘텐츠를 신속하게 발굴,소개하는 것이 나날이 중요해 짐에 따라 빅데이터의 역할이 관광부문에서 커지고 있다. 특히 ‘관광’은 다른 산업 및 ICT기술과의 융복합을 통해 콘텐츠가 더욱 다양해지고 유용해질 수 있기 때문에 4차 산업과 시너지 효과를 내기에 가장 효과적이라는 기대를 받는 영역이다.  금번 세미나에서 관광공사는 ‘17/18 국내여행 트렌드 분석 및 전망’을 발표하고 관광학회는 ‘관광분야 빅데이터 활용 의의’를 소개한다. 지자체 중에서는 경북 영덕군이 ‘관광활성화를 위한 빅데이터 사용 사례’를 발표한다.민간부분의 빅데이터를 활용, 온오프라인을 넘나드는 사업현황도 소개된다. KT는 ‘관광빅데이터 플랫폼’에 대해서, 다음소프트는 ‘관광빅데이터 분석을 위한 AI 활용’, 네이버여행플러스는 ‘밀레니얼 세대에 통하는 여행콘텐츠’에 대해서 발표한다.한국관광공사 박정하 마케팅지원실장은 “공공 및 민간기관이 각각 ‘빅데이터’와 ‘관광’을 접목시켜 활용중인 현황을 서로 공유하고 향후 나아갈 방향을 모색하는데 금번 행사의 의의가 있다”고 말하면서 ”관광 빅데이터 영역이 현재의 관광 패턴 분석 및 트렌드 파악에서 한 단계 더 도약해 수요자 중심 맞춤형 서비스를 실질적으로 구현해 내는 단계로 발전해 나갈 것이다“ 라고 말했다.이석희 기자
                "
"38","
                    배우 장나라가 드라마배우 브랜드평판 2017년 11월 조사결과 1위를 차지했다. 이종석과 송승헌이 그 뒤를 이었다.한국기업평판연구소는 2017년 10월 3일부터 2017년 11월 4일까지 방영한 드라마에 출연중인 배우 100명의 브랜드 빅데이터 4억2744만9924개를 분석하여 소비자들의 브랜드 참여량, 미디어량, 소통량을 측정하였다. 드라마 배우 브랜드평판 분석은 참여지수, 미디어지수, 소통지수, 커뮤니티지수로 브랜드 빅데이터 분석을 하였다. 지난 10월 드라마배우 브랜드 빅데이터 3억2825만3005개와 비교하면 30.22% 증가했다.2017년 11월 드라마배우 브랜드평판 30위 순위는 장나라, 이종석, 송승헌, 하지원, 서현진, 정유미, 양세종, 유지태, 고아라, 한예슬, 이연희, 신혜선, 박시후, 류화영, 정려원, 우도환, 배수지, 손호준, 김재욱, 강소라, 정용화, 김지훈, 이민기, 이요원, 김지석, 정해인, 이수경, 정소민, 윤현민, 라미란 순이었다.1위 장나라는 참여지수 86만2234 미디어지수 132만3000 소통지수 366만540 커뮤니티지수 850만7739가 되면서 브랜드평판지수 1435만3513로 분석되었다. .2위, 이종석 브랜드는 참여지수 45만4542 미디어지수 169만2852 소통지수 264만8108 커뮤니티지수 849만6949가 되면서 브랜드평판지수 1329만2451로 분석되었다.3위, 송승헌 브랜드는 참여지수 11만8326 미디어지수 131만3004 소통지수 258만6584 커뮤니티지수 861만7048가 되면서 브랜드평판지수 1263만4962로 분석되었다.한국기업평판연구소 구창환 소장은 ""2017년 11월 드라마배우 브랜드평판 분석결과, 드라마 '고백부부'에 출연하고 있는 장나라가 1위 차지했다. 드라마 '당신이 잠든 사이에'에 출연한 이종석 브랜드가 2위, 드라마 '블랙'에 출연한 송승헌 브랜드가 3위를 기록했다. 드라마 브랜드 빅데이터가 지난 10월부터 급증하고 있는 패턴을 보여주고 있다. 예능 프로그램 소비자가 드라마 프로그램에 대한 소비로 넘어감을 확인할 수 있었다""고 평판 분석했다.이어 ""배우 장나라 브랜드는 2001년 1집 '눈물에 얼굴을 묻는다'를 통해 가수로 데뷔, 뉴논스톱에서 하이틴 스타로 발돋움하였다. 중국으로 진출하여 한류 스타로서의 명성을 떨치기도 하였다. 빅데이터 링크 분석에서 '어리다, 예쁘다, 허술하다'가 높게 나왔고, 키워드 분석에서는 '고백부부, 손호준, 나이'가 높게 나왔다. 긍부정비율분석에서는 긍정비율 69.89%로 분석되었다""라고 브랜드 분석했다.브랜드 평판지수는 브랜드 빅데이터를 추출하고 소비자 행동을 평판 분석 알고리즘으로 분석하여 참여가치, 소통가치, 미디어가치, 커뮤니티가치, 소셜가치로 분류하고 가중치를 두어 나온 지표이다. 브랜드 빅데이터 분석은 브랜드에 대한 긍부정 평가, 미디어의 출처와 관심도, 소비자들의 관심과 소통량, 이슈에 대한 커뮤니티 확산, 콘텐츠에 대한 반응과 인기도를 측정할 수 있다.이미현 기자
                "
"39","
                    빅뱅이 가수 브랜드평판 12월 빅데이터 분석결과 1위를 차지했다. 2위는 트와이스,  3위는 방탄소년단이었다.한국기업평판연구소는 지난달 23일부터 24일까지의 가수 브랜드 빅데이터 1억5232만7713개를 모아 소비자들의 브랜드 참여, 미디어, 소통, 커뮤니티 분석을 했다.  지난 11월 가수 브랜드 빅데이터  1억5043만9732개보다 1.25% 증가했다.가수 브랜드평판지수는 가수 브랜드 빅데이터를 추출하고 소비자 행동분석을 해 참여가치, 소통가치, 미디어가치, 커뮤니티가치로 분류하고 긍정·부정 비율 가중치로 분석한 지표다. 브랜드 평판분석을 통해 브랜드에 대해 누가, 어디서, 어떻게, 얼마나, 왜, 이야기하는지를 알아낼 수 있다.  12월 가수 브랜드평판 순위는 빅뱅,  트와이스, 방탄소년단, 엑소, 세븐틴, 아이오아이, 블랙핑크, 마마무, 지코, 젝스키스, 레드벨벳,  태연,  빅스, 아이유,  비투비, 여자친구, 볼빨간사춘기, 헤이즈, 비와이, 인피니트, 러블리즈, 박정현, 박효신, 임창정, 한동근 순으로 분석됐다.1위를 차지한 빅뱅 브랜드는 참여지수 481만8346, 미디어지수 545만7232, 소통지수 194만6538, 커뮤니티지수 336만6080로 브랜드평판지수 1558만8196를 기록했다. 지난 11월 브랜드평판지수 429만9702보다 262.54% 급등했다.2위, 트와이스 브랜드는 참여지수  299만3533, 미디어지수 752만2581, 소통지수 294만3666, 커뮤니티지수 157만3545가 되면서 브랜드평판지수 1503만3325로 분석됐다.  지난 11월 브랜드평판지수 1905만1704보다  21.09% 하락했다.3위 방탄소년단 브랜드는 참여지수 343만7242 미디어지수  440만5115 소통지수   411만7311 커뮤니티지수 73만9945로 브랜드평판지수  1269만9613를 얻었다. 이는 11월에 비해 9.12% 하락한 수치다.한국기업평판연구소 구창환 소장은 ""12월 가수 브랜드평판 분석결과, 빅뱅이 1위를 기록했다.  빅뱅의  '에라 모르겠다'는  지난 13일 0시 공개 이후 13일째 각종 음원차트에서 1위를 기록하고 있다.  하지만 KBS 심의에서 부적격 판정을 받아 이슈도 커지고 있는 모습""이라고 밝혔다 .이어 ""빅뱅 브랜드는 키워드 분석결과  '좋다. 기다리다. 뜨겁다, 화려하다'가 높게 나타났고, 링크 분석은 '콘서트, 뮤직비디오'가 높게 나타났다. 빅뱅 브랜드 긍부정비율 분석에 긍정비율 83.81%이 됐다""라고 빅데이터를 분석했다.한국기업평판연구소는 브랜드 빅데이터를 분석해 브랜드 평판의 변화량을 파악하고 있다.이미현 기자  lee.mihyun@joins.com"
"40","
                    정보통신 분야에서 가장 화두로 떠오르는 ‘빅데이터’는 이제 오늘날 우리 일상 곳곳에서도 활용되고 있다. 금융, SNS, 맛집, 쇼핑 등 우리가 곳곳에 남긴 발자국, 즉 데이터에 따라 그 활용 방법이 무궁무진하기 때문이다. 원하는 상품을 맞춤형으로 제공하는 빅데이터 기반 쇼핑 큐레이션 앱 ‘쇼닥’에서는 이러한 빅데이터를 분석해 3040 추석선물 트렌드를 분석해 공개했다. 지난 8월 26일부터 9월 9일까지 2주간 국내 30여 개의 온라인 쇼핑몰 빅데이터를 바탕으로 나타난 결과는 다음과 같다.  먼저 3040 남성의 경우 이용 쇼핑몰 순위는 롯데마트, 11번가, 롯데닷컴이 각각 1, 2, 3위를 차지했다. 해당 쇼핑몰에서 조회수가 높았던 상품명은 ‘정성담은 고당도 사과와 배 세트’, ‘농협안심한우 1++등급 1.2kg 불국장 정육선물세트’, ‘정관장 홍삼정 에브리타임’이었다.  즉, 이를 바탕으로 쇼닥이 분석한 결과 남성들은 실속 있으면서도 활용도 높은 선물을 선호하는 것을 알 수 있다. 추석 전 김영란법 실효를 앞두고 있던 시기였으므로, 고가의 제품보다는 실속있는 선물을 찾는 경향이 두드러지게 나타난 것이다.  또한 남성이 조회한 상품들 중 육류 및 과일이 절반 이상을 차지하는 것은 차례 음식과 연관된 식재료를 추석선물로 선호한다는 것을 알 수 있다. 건강에 대한 관심이 높아지는 나이인 만큼 건강식품류도 상위권에 올랐다. 3040 여성의 경우, 이용 쇼핑몰 순위는 1~3위 모두 G마켓으로 나타났다. 조회수가 높았던 상품명은 1위부터 순서대로 ‘해피콜 아르마이드 세라믹 주물냄비 5종세트’, ‘(한수위)5구 용기 견과세트’, ‘(한수위)나주 신고배세트’였다.  최근 프라이팬 코팅의 유해성이 화제가 되면서 코팅처리를 하지 않은 주물냄비를 선호하는 추세가 반영된 것이다. 주부들이 명절을 앞두고 주물냄비 세트로 주방기구를 교체하거나, 부모님과 딸이 서로에게 선물하기 위해 조회를 한 것으로 추정된다. 또한 G마켓에서 ‘한수위’ 제품 기획전을 진행한 것이 조회수에 영향을 미친 것으로 보인다. 제수 용품보다 견과류가 2위를 차지해, 색다른 명절선물을 준비하는 모습을 확인할 수 있었다.  해당 분석을 진행한 ‘쇼닥’ 관계자는 “앞으로도 쇼닥은 국내 온라인 쇼핑몰 데이터를 수집 및 분석해 성별, 연령별 특징을 짚어내 고객의 연령과 성별에 따라 맞춤 상품을 추천해주는 앱”이라며 “곧 있을 앱 고도화 작업과 지속적인 빅데이터 분석 트렌드를 통해 고객의 쇼핑 편의를 높이는데 주력할 것”이라고 말했다.  한편, 쇼닥은 쇼핑(Shopping)+닥터(Doctor)’의 합성어로, 지난 8월부터 빅데이터 분석 트렌드를 발표하고 있다. 8월에는 여름과 관련해 ‘2030의 선택 하태핫태 여름간식 TOP5’, ‘고사성어로 보는 연령별 HOT 여행지’ 주제로 분석결과를 발표한 바 있다. 지난 내용은 쇼닥 앱 내 쇼닥’s TREND와 페이스북, 인스타그램 등에서 확인 가능하다. 김준정기자"
"41","
                    중국 일일 대표 3인방 조이경, 마국진, 장문균이 색다른 중국 이야기를 전했다.28일 방송된 JTBC '비정상회담'에서는 조이경, 마국진, 장문균과 빅데이터 전문가 송길영이 출연해 G11 멤버들과 유쾌한 토론을 벌였다.이날 중국 특집으로 장위안을 제외한 중국 대표 3명 조이경, 마국진, 장문균이 출연해 다양한 이야기를 나눴다. 먼저 마국진과 장문균은 한국인 못지않은 뛰어난 한국어 실력을 뽐내 장위안을 불안케했다. 반면 조이경은 장위안과 비슷한 어설픈 중국어 실력을 보여 웃음을 자아냈다.또한 세 사람은 장위안의 중국 내 인기에 대한 질문에 마국진은 ""SNS 팔로워 수도 많고 중국에서 인지도가 있다""라고 인정했다. 반면 조이경은 ""아니다. 장위안은 한국에서 인기많지만 중국에서는 별로다""라고 말해 웃음을 자아냈다. 이어 세 사람은 진정한 한류로 KBS '태양의 후예'를 꼽았다. 세 사람은 ""'태양의 후예' 송중기가 정말 인기가 많다. 중국에서 회당 한국 돈으로 3억원에 구매했다""라고 전해 놀라움을 자아냈다.조이경, 마국진, 장문균은 미국에 대한 중국의 생각도 전했다. 먼저 영어 교육에 대해 베이징에서 온 마국진은 긍정적인 반응을 보였다. 마국진은 ""영어 유치원도 있고, 중국 대학 입시에도 영어시험이 있다. 졸업할 때도 영어를 보고, 취업할 때도 영어를 잘하면 더 좋게 본다""라고 말했다. 반면 조이경과 장문균은 ""아니다. 굳이 할 필요없다""라며 부정적인 반응을 보였다. 이에 이탈리아 대표 알베르토는 ""장위안과 시드니 수산시장에 갔는데 내가 영어로 하는 것보다 중국어로 하는 게 더 빠르더라. 그리고 유럽에서도 중국어로 다 통한다""라고 말해 출연진들을 놀라게 했다.한편, 중국 3인방에 이어 등장한 대중의 심리를 해석하는 빅데이터 전문가 송길영은 '비정상회담' MC 유세윤, 전현무 성시경을 분석했다. 송길영은 먼저 전현무, 유세윤, 성시경에 대해 ""개그맨 두 명과 연예인 한 명""이라고 말해 웃음을 자아냈다. 송길영은 먼저 유세윤에 대한 데이터로 ""기본은 빵빵 터지는 뼈그맨. 얼굴, 개실망, 논란, 음주운전""이라고 전했다. 이어 성시경에 대해 ""살짝 덩치 커진 가수 오빠""라고 말해 폭소를 유발했다. 전현무는 ""안티팬은 있으나 장르 가리지 않고 웃긴 전직 아나운서. 요즘 대세, 열정, 아나운서, 웃기다, 미친 존재감, 섹시하다, 비호감""이라고 전해 눈길을 끌었다. 이에 송길영은 ""섹시하다는 '뇌만 섹시하다'다""라고 말해 출연진들을 폭소케 했다.송길영은 ""빅데이터로 사람들의 욕망을 알 수 있다는 나, 비정상인가요""라는 토론 주제로 G11 멤버들과 토론을 벌였다.  폴란드 대표 프셰므스와브는 빅데이터에 대해 ""마케팅 적으로는 유용하지만, 사람의 마음을 완전히 알 수는 없다. 첫 번째로 데이터 분석가에 따라 전혀 다른 결과가 도출할 수 있다. 또한 두 번째로 데이터 사용에 대한 것인데 마케팅적으로 유용할 수 있다. 하지만 모든 사람의 마음을 완벽하게 알 수는 없다""라는 의견을 전했고, 이에 송길영은 ""저희 회사를 입사해도 될 것 같다""라고 호평했다. 송길영은 다양한 빅데이터 사례를 선보여 시청자들의 이목을 집중시켰다. 송길영은 ""O2O 서비스가 정말 편리한가""에 대한 빅데이터를 공개했다. 송길영은 ""밀레니엄 세대는 주문앱을 사용하는 이유가 더 편리해서가 아니라 '말하지 않아도 되서'라는 걸 알게됐다. 만약 벤처 사업을 꿈 꾸시는 분들은 사용자와 업자가 최대한 만나지 않고 말하지 않게 해주는 서비스를 제공하면 성공할거다""라고 말해 씁쓸함을 자아냈다.김인영 기자[사진=비정상회담 방송화면 캡처]
                "
"42","
                    송길영 박사와 비정상회담 멤버들이 빅데이터의 힘에 대해 이야기를 나누었다. 28일(월) 밤 10시 50분에 방송될 JTBC 예능 프로그램 '비정상회담' 91회에는 빅데이터 전문가로 알려진 송길영 박사가 게스트로 출연해, '통계를 읽는 마음'을 주제로 출연진과 토론했다. 알파고와 이세돌의 대국을 기점으로, 인공 지능을 비롯한 과학의 비약적 발전이 가져온 득과 실에 관한 세간의 관심이 쏠리고 있다. 송길영 박사는 ""나는 사람들이 남긴 욕망과 그 후 행동을 담은 데이터를 다루고 있다. 그래서 사람들이 무엇을 좋아하는지 알고, 그에 맞는 답을 필요로 하는 기업과 조직에 나누는 작업을 한다""며, '빅데이터' 및 '마인드 마이닝'처럼 대중에게 친숙하지 않은 개념들에 대한 설명으로 토론의 시작을 알렸다. 이어, 11개국 비정상 멤버들의 빅데이터 분석을 공개하자, 노잼 캐릭터 및 아저씨 이미지로 선정된 주인공들의 적극 부인에도 불구하고 제작진마저 그 결과에 놀라움을 감추지 못했다.한편, 본격적인 토론과 함께 '빅데이터로 인간의 숨은 욕망까지 읽을 수 있다고 믿는다'는 송길영 박사의 안건에, 단 1명의 멤버만이 1차 표결로 정상이라 답하며 모두를 놀라게 만들었다.반면, 반대를 표한 미국 대표 타일러조차 ""미국에서는 빅데이터를 굉장히 많이 활용하고 있다. 가장 대표적인 예로 최근 한국에 론칭 된 '넷플릭스'를 들 수 있다""며, 빅데이터의 유용성만큼은 인정하는 모습이었다. 그럼에도 불구하고, 무분별한 데이터 수집 및 사생활 침해 등의 문제점은 모든 G들이 우려를 표했다.이 밖에도 '통계로 읽는 마음'에 관한 G11의 속 시원한 토론은 오는 3월 28일(월) 밤 10시 50분에 방송되는 JTBC '비정상회담'에서 공개된다. (JTBC 방송뉴스팀)"
"43","
                    미국의 구직 정보 사이트 글래스도어에 따르면 올해 1월 등록된 구인 정보 가운데 1,736개가 빅데이터 관련 광고였다. 국내 상황도 마찬가지여서 한국정보화진흥원이 발표한 ‘미래전략보고서’에서는 2017년까지 빅데이터와 관련한 일자리가 약 52만 개 이상 생겨날 것으로 내다봤다. 늘어나는 데이터 수요와는 반대로, 국내에서는 관련 직종 전문 인력의 배출 속도가 더딘 편이다. 이에 정부에서는 정보통신기술 인력에 대한 교육 및 지원 체계의 구축을 위한 다양한 정책들을 실시하고 있다.  그 한 예로 고용노동부 지정 IT전문인력양성 교육기관인 ‘경영기술개발원교육센터’’가 전액 국비로 진행하는 ‘빅데이터-사물인터넷시대의 자바안드로이드’ 과정을 들 수 있다. 해당 교육과정은 산업계 최대의 이슈로 떠오르고 있는 클라우드, 데이터의 효용가치를 극대화 시켜주는 빅데이터의 연결에 주목하고 이를 다룰 수 있는 전문 인력 양성에 초점이 맞추어져 있다. 특히 현업 개발자에게 필요한 빅데이터, 사물인터넷 등 최신 트랜드를 반영한 교육 편성으로 실무 중심의 교육을 통해 전문 인력을 양성함을 목표로 한다. 교육 과정을 수료한 교육생들은 자바개발자, 안드로이드 앱 개발 및 응용소프트웨어 개발자, Database 전문가, 사물인터넷(IoT) 개발자 및 시스템관리자, 클라우드 기반 서비스 운영자 등 최근 IT분야에서 수요가 증가하는 분야에 지원이 가능할 전망이다. 김준정기자 kimj@joins.com "
"44","
                    2015년 국내 빅데이터시장이 전년 대비 30% 이상 성장한 것으로 나타났다.14일 미래창조과학부에 따르면 지난해 국내 빅데이터 시장 규모는 2623억원으로 전년 대비 30.3% 성장했다. 2013년 1643억원과 비교하면 50% 이상 몸집이 커졌다.빅데이터 시장 구성 비중은 ▲스토리지(저장장치) 26.9% ▲소프트웨어 23% ▲서버 22.1% ▲서비스 19.5% ▲네트워크 8.4% 등의 순으로 집계됐다. 특히 서비스 비중은 전년 대비 8.2%p 증가한 것으로 나타났다. 국내 전체기업(종업원 100인 이상)의 빅데이터 도입률은 2014년 3.9%에서 지난해 4.3%로 소폭 증가했다. 매출액 1000억원 이상 기업의 도입비중은 9.6%로 1.5%p 늘어났다. 미래부는 ""데이터에 대한 전체기업의 관심 수준은 낮지만 빅데이터 도입을 위한 움직임은 긍정적으로 변화하고 있다""고 평가했다.국내 기업들은 제조, 유통 물류, 금융, 의료 분야를 빅데이터 수혜업종으로 꼽았다. 수혜 업무 분야로는 고객관리 및 마케팅', '리스크 관리', '비즈니스 변화 모니터링' 등을 지목했다.한편 기업들이 느끼는 선진국과 기술 격차는 큰 것으로 나타났다. 기업(공급사 100곳)들은 국내 빅데이터 기술이 선진국(100 기준) 대비 62.6 수준에 불과하다고 답했다. 수준 격차는 3.3년 정도에 이르고, 2015년 수준을 따라잡는데 3.6년이 걸릴 것으로 내다봤다.강성주 미래부 인터넷융합정책관은 ""빅데이터 선도서비스 및 주요산업분야 전략모델 실증사업을 확대하고 중소기업·스타트업에 대한 사업화 지원을 강화하는 등 빅데이터 확산에 최선의 노력을 다할 것""이라고 말했다.이번 조사에는 모집단 8483곳(빅데이터 공급 426개사, 수요 8057개사)중 1008개사가 응답했다. 자세한 내용은 미래부(www.msip.go.kr), 정보화진흥원 홈페이지(www.nia.or.kr) 등에서 확인 가능하다.(뉴시스)
                "
"45","
                    효성ITX는 최근 미국 실리콘밸리의 빅데이터 솔루션 전문기업 사마 테크놀로지와의 제휴에 이어 보안관리 전문업체 태니엄(Tanium Inc.)과도 제휴를 맺고 각 분야의 기업 고객을 대상으로 솔루션 판매 및 SI 사업을 추진한다고 밝혔다. 그 일환으로 지난달 19일에는 코엑스에서 태니엄 솔루션과 함께 세미나를 진행했다. 태니엄은 기업의 전산 시스템이 공격받는지를 주시하는 자체 플랫폼을 보유, 미국 시장조사기관인 가트너로부터 ‘쿨벤더(Cool venderㆍ기존에 없던 새로운 기술을 제공하는 업체)’로 선정된 유망 기업이다. 현재 태니엄 솔루션은 JP모건을 비롯해 미 경제지 포천 100대 기업 중 절반 이상과 미 국방성을 포함한 주요 군정보기관에서 도입하면서 매년 400% 이상 매출 증가를 기록 중이다. 효성ITX는 양사간 기술 제휴를 통해 보안 영역을 넘어 사물인터넷 환경에서 다양한 기기를 관리하고 데이터를 종합적으로 관리하는 빅데이터 사업을 추진할 계획을 밝히기도 했다. 이는 지난 8월 조현준 효성 정보통신PG장(사장)이 효성인포메이션시스템 30주년 기념식에서 밝힌 빅데이터 시대 선도의 뜻과도 일맥상통하는 행보다. 당시 조현준 PG장은 사람과 사물을 연결하는 커넥션과 네트워크의 중요성을 강조하며 빅데이터를 기반으로 한 비즈니스 추진 의지를 표명했다. 한편, 지난 달 사마 테크놀로지와 빅데이터 토털 솔루션 사업 추진을 위한 제휴를 맺은 효성ITX는 그 동안 축적해 온 데이터와 시스템 구축역량, 클라우드 기술을 바탕으로 빅데이터 역량을 강화해 신규 사업을 추진해 나간다는 계획이다."
"46","
                    효성이 IT 전문 계열사들을 중심으로 빅데이터 사업 키우기에 돌입했다. 빅데이터 사업과 함께 ▲클라우드 ▲스토리지 및 서버 ▲핀테크 등의 핵심 기술을 확보함으로써 IT 사업을 기업의 미래 성장동력 사업으로 삼겠다는 복안이다. 효성은 우선 스토리지 유통 중심의 수익구조에서 빅데이터 솔루션 기반의 서비스 기업으로 전환을 꾀하고 있는 효성인포메이션시스템(HIS)을 적극 육성한다.HIS는 최근 빅데이터 사업을 위한 테스크포스(TF)를 구성, 사업 전략을 수립하는 한편 관련 시장에 특화된 신제품 출시와 국내 솔루션 업체와의 협업 등을 통해 사업을 본격화하고 있다.지난 8월, HIS의 창립 30주년 기념식에 참석한 조현준 효성 정보통신PG장(사장)은 “지금은 모든 사람과 사물을 연결하는 커넥션과 네트워크가 변화의 열쇠가 되는 데이터 테크놀로지 시대”라며 “ICT 시장의 핵심인 빅데이터를 기반으로 비즈니스를 추진, 미래 빅데이터 시대를 리드해 나가는 기업으로 성장시켜 나갈 것”이라고 포부를 밝히기도 했다.그런가 하면, 최근 R&D센터를 구축하고 개발자 위주의 인력 보강에 나선 효성ITX는 고도화된 기술을 중심으로 기업 체질을 개선해 클라우드, 빅데이터 등 신사업을 육성한다.효성ITX는 클라우드의 핵심 기술인 분산 스토리지 기술에 대한 국내 특허를 획득, 지난 6월 이 기술을 기반으로 글로벌 통신기기 회사인 노키아와 함께 국내 재난망 구축 사업 진출을 알리기도 했다. 핀테크에도 관심을 두고 있는 효성은 금융자동화기기 전문 계열사인 노틸러스효성을 통해 삼성전자, 우리은행과 협력, ‘삼성페이’를 지원하는 ATM 서비스를 시작하는 등 핀테크 시장에 진출할 발판을 마련하기도 했다.온라인 일간스포츠
                "
"47","
                    [앵커]전국에서 10번째 창조경제혁신센터가 어제(11일) 강원도에서 문을 열었습니다. 국내 최대 인터넷 포털 업체인 네이버가 전담 지원을 맡았는데요, 이곳의 핵심은 '빅데이터'라고 합니다. 이윤석 기자가 보도합니다.[기자]강원창조경제혁신센터에 자리 잡은 이른바 '스마트 농장'입니다. 빅데이터를 이용해 온도와 습도 그리고 산소 농도 등을 식물마다 달리 조절합니다.최적의 재배 조건을 만들기 위해섭니다. [한종호/강원창조경제혁신센터 센터장 : 데이터나 아이디어 같은 무형의 자산을 활용해 신산업을 창출하고 새로운 비즈니스를 만들어 내는 게 저희 강원혁신센터의 사업 방향입니다.]이 센터의 전담 지원을 맡은 네이버는 강원 지역의 특성에 맞춰 관광 산업과 농업 분야에 빅데이터를 적극 활용한다는 구상입니다. [최문순/강원도 지사 : 위치정보를 넣으면 그 주변의 맛집·호텔·관광지·교통 등이 자동으로 떠서, 외국인 관광객이 공항에 도착하면 바로 이런 정보가 입력이 되어 자유롭게 (돌아다닐 수 있습니다.)]개소식에 참석한 박근혜 대통령도 ""강원도의 자연환경과 소프트 파워를 융합해 미래 성장 동력을 만들 수 있을 것""이라며 빅데이터의 중요성을 거듭 강조했습니다. [박근혜 대통령 : 21세기 원유로 비유되는 빅데이터는, 물적 자원 없이도 창의성과 아이디어로 고부가가치와 일자리를 창출하는 창조경제의 신 자본입니다.]창조경제혁신센터는 다음 달 제주도를 비롯해 앞으로 7곳에 더 문을 열게 됩니다. 
                "
"48","
                    소비자 10명 중 7명은 스마트폰 애플리케이션(앱) 사용에 따른 개인정보 유출을 우려하고 있는 것으로 나타났다.한국소비자원은 5일 '빅데이터 시대 소비자의 정보 프라이버시 보호에 관한 연구'에서 전국 만 20세 이상 성인 스마트폰 보유자 1000명을 대상으로 앱의 소비자 인식 조사를 실시한 결과를 발표했다. 조사는 내비게이션 앱, 음식점 추천 앱, 건강관리 앱 등 세 가지로 나눠 진행됐다. 그 결과 70% 이상의 소비자들은 자신의 개인정보가 동의 없이 수집될 가능성을 우려하고 있는 것으로 나타났다. 내비게이션 앱의 경우 81.7%의 소비자가 정보 유출을 우려하고 있다고 답했고, 음식점 추천 앱은 78.1%, 건강관리 앱은 75.5%로 뒤를 따랐다. 또 이용내역 정보가 무단으로 광고업체 등 다른 기업에 판매될 가능성을 우려하는 소비자 비율 역시 음식점 추천 앱에서는 73.3%, 건강관리 앱 71.2%, 내비게이션 앱 70.2%를 보였다. 앱 이용 과정에서 감시당할 위험을 우려하는 비율도 절반 이상이었다. 음식점 추천 앱은 58.5%, 건강관리 앱 58.1%, 내비게이션 앱 53.1% 등 절반 이상의 소비자가 감시에 대해 우려하고 있었다. 많은 소비자들은 기업의 정보 활용이 자신에게 이득을 가져다 줄 것이라 생각하지 않고 있었다. '빅데이터 활용으로 인한 부가가치 창출'에 대한 소비자 기대수준은 100점 만점 중 71.2점이었지만, '빅데이터 활용으로 얻은 기업의 이익이 소비자에게 돌아올 것'이라는 응답은 58.4점에 그쳤다. 특히 월 평균 가계소득 400만원을 기준으로 소득이 낮은 계층(55.9점)이 소득이 높은 계층(61.6점)보다 기대 수준이 낮았다.빅데이터 활용에 대한 소비자 동의율도 저조한 것으로 나타났다.내비게이션 앱의 경우 '수집·이용에 동의'하는 소비자는 37.7%, 음식점 추천 앱 19.8%, 건강관리 앱 32.8%로 낮게 나타났다. '제3자에 판매·제공·동의한다'는 항목에 대해서는 각각의 앱에 대한 소비자 응답이 14.7%, 14.2%, 15.7%로 가장 낮았다. 빅데이터에 대한 낮은 기대감은 스마트폰 앱 사업자에 대한 낮은 소비자 신뢰도로 이어졌다.세 가지 종류 앱에 대한 소비자 신뢰도는 60점에도 미치지 못했다. 특히 해킹에 대비한 '정보보안 시스템(55점)'과 소비자 개인정보를 안전하게 관리할 수 있는 사업자 역량인 '개인정보 관리(56점)'가 가장 낮은 점수를 받았다.한국소비자원 측은 ""소비자의 정보 프라이버시 우려 수준을 완화할 수 있는 방안 마련이 시급하다""며 ""개인정보를 빅데이터로 활용하고자 하는 사업자는 사전에 그 사실을 소비자들에게 공개하도록 할 것을 관련부처에 요청했다""고 말했다. 조은애 기자 cho.eunae@joins.com
                "
"49","
                    세계 최고의 피겨 선수가 화려했던 선수 시절을 뒤로하고 일반인이 된 김연아에 대해 사람들은 어떻게 생각할까. SK텔레콤은 뉴스·블로그·카페·게시판·SNS 등 인터넷 상에서 축출한 빅데이터로 최근 자사의 '광대역 LTE-A' 모델인 김연아에 대한 넷심을 분석한 결과를 22일 내놓았다. 지난 6월 1일부터 7월 10일까지 조사한 빅데이터 분석에 따르면 김연아에 대해 가장 많이 언급된 표현어는 '~보다'였다. 누구보다 으뜸이라는 의미의  '~보다'는 김연아를 표현한 1000개의 단어 중 네티즌이 가장 많이 쓰는 것이었다. 2~10위까지를 보면 '통하다', '빠르다', '최고' 등 1등 프리미엄 이미지와 선도적인 이미지를 담은 표현어들이 주를 이루고 있다. 톱10 밖이긴 하지만 '고맙다', '감사'라는 표현어도 자주 나타났다. 남상일 SK텔레콤 마케팅 커뮤니케이션 실장은 ""일반적으로 여자 광고 모델에게 '예쁘다', '섹시하다'와 같은 외모적인 칭찬들이 많이 나오는 편인데, '고맙다'는 단어가 나온 것은 매우 이례적""이라고 말했다. 남 실장은 ""대한민국 최초로 동계올림픽에서 금메달을 따내며 국내 피겨 역사를 새롭게 쓴 그녀에게 대중들이 받은 감동스러운 순간들이 기억에 남아 있기 때문인 것으로 분석된다""고 덧붙였다. 김연아를 표현하는 단어로 '귀엽다', '새롭다'도 자주 쓰였다. SK텔레콤측은 '잘생겼다 광대역 LTE-A' 광고에서 양치질을 하며 대화하는 김연아의 일상적인 모습들이 대중들에게 좀 더 친근하게 다가서고 보여준다고 해석했다. 남 실장은 ""최초로 김연아 빅데이터를 분석한 결과 네티즌 82%가 김연아에 대해 긍정적인 호감을 나타냈다""며 ""자사에도 긍정적 시너지 효과를 미치고 있다고 생각한다""고 말했다. 빅데이터는 수치 데이터뿐 아니라 문자와 영상 데이터를 포함하는 대규모 데이터를 말한다. 기업들은 이런 데이터를 분석해 광고 모델 선정 및 효과 측정 같은 가치 창출과 전략 수립 등에 활용한다. SK텔레콤은 자체적으로 빅데이터 축출 프로그램을 개발해 운영하고 있다. 권오용 기자 bandy@joongang.co.kr
                "
"50","
                    전 세계 빅데이터 시장이 연평균 27%씩 성장해 오는 2017년에는 324억 달러 규모에 이를 것으로 전망됐다.시장 분석 및 컨설팅 기관인 IDC는 최근 발간한 '전세계 빅데이터 기술 및 서비스 전망 보고서'에 따르면 글로벌 빅데이터 기술 및 서비스 시장은 연평균 27%씩 늘어나 2017년 324억 달러에 이를 것으로 보인다고 17일 밝혔다. 이러한 성장률은 전체 ICT 시장 성장률의 약 6배에 해당한다. 댄 베셋 IDC 부사장은 ""빅데이터 기술 및 서비스 시장은 전 세계적으로 수백억 달러 규모로 빠르게 성장하고 있다""며 ""대형 IT 업체들과 신생 업체들간의 고객 및 시장점유율 경쟁으로 빅데이터 시장이 급격하게 확대되고 있다""고 말했다.특히 빅데이터 인프라·소프트웨어·서비스 부문 중 인프라 부문이 상대적으로 높은 성장세가 예상됐다. 그 중에서도 클라우드 형태 인프라 부문이 가장 높은 성장률을 보이며 2017년까지 연평균 49%로 성장할 것으로 보인다. 이어 스토리지 부문이 연평균 38%의 성장이 예상됐다.(뉴시스)
                "
